Workbook

Sheet LEIA-ME
A1: PAINEL DE GESTÃO POR DADOS — DTNH · v4
A2: Periodicidade de alimentação variável e frequência por disciplina.
B4: 1. Cada KPI tem seu próprio grão de alimentação
B5: A coluna 'Mês' das abas de entrada usa a competência de cada KPI. A periodicidade institucional é declarada na aba INDICADORES, coluna 'Periodicidade de alimentação'.
B6: • Semanal: 2026-08-W1 até 2026-08-W5
B7: • Quinzenal: 2026-08-Q1 e 2026-08-Q2
B8: • Mensal: 2026-08
B9: Regra de integridade: para um mesmo KPI, curso e competência, não duplique lançamentos. Mudanças de periodicidade devem valer somente para competências futuras e ser registradas na governança do painel.
B10: KPIs de estoque, como Matrículas Ativas, representam uma fotografia mensal de fechamento. A Frequência Média do Data UNIVC também é alimentada por competência mensal.
B11: Semestral funciona diferente: o CALC usa o código do semestre, e o valor apurado do semestre aparece igual nos seis meses. É a propagação que você pediu — uma alimentação, vários meses exibidos.
B13: 2. Como está configurado agora
B14: • DTNH-01 NPS Discente — alimentação mensal, detalhe por curso.
B15: • DTNH-02 Matrículas Ativas — alimentação mensal, detalhe por curso.
B16: • DTNH-03 Frequência Média — alimentação MENSAL, detalhe por CURSO E DISCIPLINA.
... B42: • Para mudar meta, acrescente linha com nova vigência; jamais sobrescreva.

Sheet PARAMETROS
A1: PARÂMETROS DO PAINEL
A2: Só as células amarelas são editáveis. Todas têm lista suspensa — não digite à mão.
A4: SELEÇÃO
A5: Diretoria | B5: DTNH
A6: Início da operação | B6: 2026-06 | D6: Primeiro mês alimentado.
A7: Mês de referência | B7: 2026-08 | D7: O mês analisado.
A8: Mês de comparação | B8: 2026-07 | D8: Pode ficar vazio.
A9: Janela — de | B9: 2026-06 | D9: Primeiro mês do gráfico e da matriz.
A10: Janela — até | B10: 2027-05 | D10: Último mês. Pode ser posterior à referência.
A11: Curso em foco | B11: (todos) | D11: Usado no detalhe semanal e por disciplina. '(todos)' soma a área.
A12: JANELA EFETIVA
A13: Janela efetiva — de | B13: =IF(IFERROR(VALUE(SUBSTITUTE($B$9,"-","")),0)<IFERROR(VALUE(SUBSTITUTE($B$6,"-","")),0),$B$6,$B$9) | D13: Recuada para o início da operação, se necessário.
A14: Janela efetiva — até | B14: =IF(IFERROR(VALUE(SUBSTITUTE($B$10,"-","")),0)<IFERROR(VALUE(SUBSTITUTE($B$13,"-","")),0),$B$13,$B$10)
A15: Meses na janela | B15: =(VALUE(LEFT($B$14,4))-VALUE(LEFT($B$13,4)))*12+VALUE(RIGHT($B$14,2))-VALUE(RIGHT($B$13,2))+1
A17: aux · data da referência | B17: =IF($B$7="","",DATE(VALUE(LEFT($B$7,4)),VALUE(RIGHT($B$7,2)),1))
A18: aux · data do início da janela | B18: =IF($B$13="","",DATE(VALUE(LEFT($B$13,4)),VALUE(RIGHT($B$13,2)),1))
A19: aux · chave do fim da janela | B19: =IFERROR(VALUE(SUBSTITUTE($B$14,"-","")),0)
A21: ATALHOS | D21: Copie o valor para o campo correspondente.
A22: Mês anterior à referência | B22: =IF($B$7="","",YEAR(EDATE($B$17,-1))&"-"&IF(MONTH(EDATE($B$17,-1))<10,"0","")&MONTH(EDATE($B$17,-1)))
A23: Mesmo mês do ano anterior | B23: =IF($B$7="","",YEAR(EDATE($B$17,-12))&"-"&IF(MONTH(EDATE($B$17,-12))<10,"0","")&MONTH(EDATE($B$17,-12)))
A24: Primeiro mês com dado | B24: =IF(MIN(DIM_MES!$G$5:$G$148)=999999,"—",INDEX(DIM_MES!$B$5:$B$148,MATCH(MIN(DIM_MES!$G$5:$G$148),DIM_MES!$G$5:$G$148,0)))
A25: Último mês com dado | B25: =IF(MAX(DIM_MES!$H$5:$H$148)=0,"—",INDEX(DIM_MES!$B$5:$B$148,MATCH(MAX(DIM_MES!$H$5:$H$148),DIM_MES!$H$5:$H$148,0)))
A26: Semestre da referência | B26: =IF($B$7="","",LEFT($B$7,4)&"-SEM"&IF(VALUE(RIGHT($B$7,2))<=6,1,2))
A27: Semanas da referência | B27: =IF($B$7="","",$B$7&"-W1 … "&$B$7&"-W5")
A30: DIAGNÓSTICO
A31: Mês de referência tem dado? | B31: =IF($B$7="","sem mês escolhido",IF(IFERROR(INDEX(DIM_MES!$F$5:$F$148,MATCH($B$7,DIM_MES!$B$5:$B$148,0)),0)>0,"OK — há lançamentos","SEM DADO neste mês"))
A32: Mês de comparação tem dado? | B32: =IF($B$8="","(sem comparação)",IF(IFERROR(INDEX(DIM_MES!$F$5:$F$148,MATCH($B$8,DIM_MES!$B$5:$B$148,0)),0)>0,"OK — há lançamentos","SEM DADO neste mês"))
A33: Referência está dentro da janela? | B33: =IF($B$7="","—",IF(AND(IFERROR(VALUE(SUBSTITUTE($B$7,"-","")),0)>=IFERROR(VALUE(SUBSTITUTE($B$13,"-","")),0),IFERROR(VALUE(SUBSTITUTE($B$7,"-","")),0)<=IFERROR(VALUE(SUBSTITUTE($B$14,"-","")),0)),"OK — dentro da janela","FORA DA JANELA — o gráfico não mostra o mês analisado"))
A34: Tamanho da janela | B34: =IF($B$15>12,"EXCEDE 12 MESES — só os primeiros 12 aparecem",$B$15&" meses, dentro do limite de 12")
A35: Meses vazios na janela | B35: =IF(SUMPRODUCT((DIM_MES!$E$5:$E$148>=IFERROR(VALUE(SUBSTITUTE($B$13,"-","")),0))*(DIM_MES!$E$5:$E$148<=IFERROR(VALUE(SUBSTITUTE($B$14,"-","")),0))*(DIM_MES!$F$5:$F$148=0))=0,"OK — nenhum mês vazio",SUMPRODUCT((DIM_MES!$E$5:$E$148>=IFERROR(VALUE(SUBSTITUTE($B$13,"-","")),0))*(DIM_MES!$E$5:$E$148<=IFERROR(VALUE(SUBSTITUTE($B$14,"-","")),0))*(DIM_MES!$F$5:$F$148=0))&" meses vazios — estreite a janela")
A36: Semanas lançadas na frequência | B36: =COUNTIFS(Tabela367[Período],$B$7&"-W*")&" lançamentos semanais · "&COUNTIFS(Tabela367[Período],$B$7)&" lançamentos de mês inteiro"
A37: Frequência com disciplina informada | B37: =COUNTIFS(Tabela367[Período],$B$7&"*",Tabela367[Disciplina],"<>")&" de "&COUNTIFS(Tabela367[Período],$B$7&"*")&" lançamentos do mês"

Sheet PAINEL
A1: PAINEL DE GESTÃO — DTNH
A2: Leitura do mês. Todos os números vêm de CALC; para mudar o recorte, use PARAMETROS.
A4: Mês de referência | D4: Mês de comparação | G4: Janela | J4: Curso em foco
A5: =PARAMETROS!$B$7 | D5: =IF(PARAMETROS!$B$8="","(sem)",PARAMETROS!$B$8) | G5: =PARAMETROS!$B$13&" a "&PARAMETROS!$B$14 | J5: =PARAMETROS!$B$11
A7: DTNH-01 · NPS Discente da Área · alimentação mensal · detalhe por curso
A8: Valor na referência | B8: Valor na comparação | C8: Variação | D8: Meta vigente | E8: Limiar de atenção | F8: Falta p/ a meta | G8: Falta p/ o limiar | H8: Atingimento | I8: Status | J8: Situação | K8: Lançamentos
A9: =CALC!$B$37 | B9: =CALC!$C$37 | C9: =CALC!$D$37 | D9: =CALC!$E$37 | E9: =CALC!$F$37 | F9: =CALC!$G$37 | G9: =CALC!$H$37 | H9: =CALC!$I$37 | I9: =CALC!$J$37 | J9: =CALC!$K$37 | K9: =CALC!$L$37
A26: Curso | B26: Referência | C26: Comparação | D26: Variação | E26: Meta | F26: Status
A27: =CALC!$A$41 | B27: =CALC!$F$41 | C27: =CALC!$G$41 | D27: =CALC!$H$41 | E27: =CALC!$I$41 | F27: =CALC!$K$41
A28: =CALC!$A$42 | B28: =CALC!$F$42 | C28: =CALC!$G$42 | D28: =CALC!$H$42 | E28: =CALC!$I$42 | F28: =CALC!$K$42
A29: =CALC!$A$43 | B29: =CALC!$F$43 | C29: =CALC!$G$43 | D29: =CALC!$H$43 | E29: =CALC!$I$43 | F29: =CALC!$K$43
A30: =CALC!$A$44 | B30: =CALC!$F$44 | C30: =CALC!$G$44 | D30: =CALC!$H$44 | E30: =CALC!$I$44 | F30: =CALC!$K$44
A31: =CALC!$A$45 | B31: =CALC!$F$45 | C31: =CALC!$G$45 | D31: =CALC!$H$45 | E31: =CALC!$I$45 | F31: =CALC!$K$45
A32: =CALC!$A$46 | B32: =CALC!$F$46 | C32: =CALC!$G$46 | D32: =CALC!$H$46 | E32: =CALC!$I$46 | F32: =CALC!$K$46
A33: =CALC!$A$47 | B33: =CALC!$F$47 | C33: =CALC!$G$47 | D33: =CALC!$H$47 | E33: =CALC!$I$47 | F33: =CALC!$K$47
A34: =CALC!$A$48 | B34: =CALC!$F$48 | C34: =CALC!$G$48 | D34: =CALC!$H$48 | E34: =CALC!$I$48 | F34: =CALC!$K$48
A35: =CALC!$A$49 | B35: =CALC!$F$49 | C35: =CALC!$G$49 | D35: =CALC!$H$49 | E35: =CALC!$I$49 | F35: =CALC!$K$49
A38: DTNH-02 · Matrículas Ativas por Curso · alimentação mensal · detalhe por curso
A39: Valor na referência | B39: Valor na comparação | C39: Variação | D39: Meta vigente | E39: Limiar de atenção | F39: Falta p/ a meta | G39: Falta p/ o limiar | H39: Atingimento | I39: Status | J39: Situação | K39: Lançamentos
A40: =CALC!$B$70 | B40: =CALC!$C$70 | C40: =CALC!$D$70 | D40: =CALC!$E$70 | E40: =CALC!$F$70 | F40: =CALC!$G$70 | G40: =CALC!$H$70 | H40: =CALC!$I$70 | I40: =CALC!$J$70 | J40: =CALC!$K$70 | K40: =CALC!$L$70
A57: Curso | B57: Referência | C57: Comparação | D57: Variação | E57: Meta | F57: Status
A58: =CALC!$A$74 | B58: =CALC!$C$74 | C58: =CALC!$D$74 | D58: =CALC!$E$74 | E58: =CALC!$F$74 | F58: =CALC!$H$74
A59: =CALC!$A$75 | B59: =CALC!$C$75 | C59: =CALC!$D$75 | D59: =CALC!$E$75 | E59: =CALC!$F$75 | F59: =CALC!$H$75
A60: =CALC!$A$76 | B60: =CALC!$C$76 | C60: =CALC!$D$76 | D60: =CALC!$E$76 | E60: =CALC!$F$76 | F60: =CALC!$H$76
A61: =CALC!$A$77 | B61: =CALC!$C$77 | C61: =CALC!$D$77 | D61: =CALC!$E$77 | E61: =CALC!$F$77 | F61: =CALC!$H$77
A62: =CALC!$A$78 | B62: =CALC!$C$78 | C62: =CALC!$D$78 | D62: =CALC!$E$78 | E62: =CALC!$F$78 | F62: =CALC!$H$78
A63: =CALC!$A$79 | B63: =CALC!$C$79 | C63: =CALC!$D$79 | D63: =CALC!$E$79 | E63: =CALC!$F$79 | F63: =CALC!$H$79
A64: =CALC!$A$80 | B64: =CALC!$C$80 | C64: =CALC!$D$80 | D64: =CALC!$E$80 | E64: =CALC!$F$80 | F64: =CALC!$H$80
A65: =CALC!$A$81 | B65: =CALC!$C$81 | C65: =CALC!$D$81 | D65: =CALC!$E$81 | E65: =CALC!$F$81 | F65: =CALC!$H$81
A66: =CALC!$A$82 | B66: =CALC!$C$82 | C66: =CALC!$D$82 | D66: =CALC!$E$82 | E66: =CALC!$F$82 | F66: =CALC!$H$82
A69: DTNH-03 · Frequência Média Discente · alimentação mensal · detalhe por curso e disciplina
A70: Valor na referência | B70: Valor na comparação | C70: Variação | D70: Meta vigente | E70: Limiar de atenção | F70: Falta p/ a meta | G70: Falta p/ o limiar | H70: Atingimento | I70: Status | J70: Situação | K70: Lançamentos
A71: =CALC!$B$103 | B71: =CALC!$C$103 | C71: =CALC!$D$103 | D71: =CALC!$E$103 | E71: =CALC!$F$103 | F71: =CALC!$G$103 | G71: =CALC!$H$103 | H71: =CALC!$I$103 | I71: =CALC!$J$103 | J71: =CALC!$K$103 | K71: =CALC!$L$103
A88: Curso | B88: Referência | C88: Comparação | D88: Variação | E88: Meta | F88: Status
A89: =CALC!$A$107 | B89: =CALC!$D$107 | C89: =CALC!$E$107 | D89: =CALC!$F$107 | E89: =CALC!$G$107 | F89: =CALC!$I$107
A90: =CALC!$A$108 | B90: =CALC!$D$108 | C90: =CALC!$E$108 | D90: =CALC!$F$108 | E90: =CALC!$G$108 | F90: =CALC!$I$108
A91: =CALC!$A$109 | B91: =CALC!$D$109 | C91: =CALC!$E$109 | D91: =CALC!$F$109 | E91: =CALC!$G$109 | F91: =CALC!$I$109
A92: =CALC!$A$110 | B92: =CALC!$D$110 | C92: =CALC!$E$110 | D92: =CALC!$F$110 | E92: =CALC!$G$110 | F92: =CALC!$I$110
A93: =CALC!$A$111 | B93: =CALC!$D$111 | C93: =CALC!$E$111 | D93: =CALC!$F$111 | E93: =CALC!$G$111 | F93: =CALC!$I$111
A94: =CALC!$A$112 | B94: =CALC!$D$112 | C94: =CALC!$E$112 | D94: =CALC!$F$112 | E94: =CALC!$G$112 | F94: =CALC!$I$112
A95: =CALC!$A$113 | B95: =CALC!$D$113 | C95: =CALC!$E$113 | D95: =CALC!$F$113 | E95: =CALC!$G$113 | F95: =CALC!$I$113
A96: =CALC!$A$114 | B96: =CALC!$D$114 | C96: =CALC!$E$114 | D96: =CALC!$F$114 | E96: =CALC!$G$114 | F96: =CALC!$I$114
A97: =CALC!$A$115 | B97: =CALC!$D$115 | C97: =CALC!$E$115 | D97: =CALC!$F$115 | E97: =CALC!$G$115 | F97: =CALC!$I$115
A100: De onde vem o dado do mês | D100: auditoria dos sub-períodos: só as linhas do grão usado ficam preenchidas
A101: Período | B101: Rótulo | C101: Previstas | D101: Registradas | E101: Valor da área | F101: Lançamentos | G101: Valor do curso em foco
A102: =CALC!$A$163 | B102: =CALC!$B$163 | C102: =CALC!$C$163 | D102: =CALC!$D$163 | E102: =CALC!$E$163 | F102: =CALC!$F$163 | G102: =CALC!$I$163
A103: =CALC!$A$164 | B103: =CALC!$B$164 | C103: =CALC!$C$164 | D103: =CALC!$D$164 | E103: =CALC!$E$164 | F103: =CALC!$F$164 | G103: =CALC!$I$164
A104: =CALC!$A$165 | B104: =CALC!$B$165 | C104: =CALC!$C$165 | D104: =CALC!$D$165 | E104: =CALC!$E$165 | F104: =CALC!$F$165 | G104: =CALC!$I$165
A105: =CALC!$A$166 | B105: =CALC!$B$166 | C105: =CALC!$C$166 | D105: =CALC!$D$166 | E105: =CALC!$E$166 | F105: =CALC!$F$166 | G105: =CALC!$I$166
A106: =CALC!$A$167 | B106: =CALC!$B$167 | C106: =CALC!$C$167 | D106: =CALC!$D$167 | E106: =CALC!$E$167 | F106: =CALC!$F$167 | G106: =CALC!$I$167
A107: =CALC!$A$168 | B107: =CALC!$B$168 | C107: =CALC!$C$168 | D107: =CALC!$D$168 | E107: =CALC!$E$168 | F107: =CALC!$F$168 | G107: =CALC!$I$168
A108: =CALC!$A$169 | B108: =CALC!$B$169 | C108: =CALC!$C$169 | D108: =CALC!$D$169 | E108: =CALC!$E$169 | F108: =CALC!$F$169 | G108: =CALC!$I$169
A109: =CALC!$A$170 | B109: =CALC!$B$170 | C109: =CALC!$C$170 | D109: =CALC!$D$170 | E109: =CALC!$E$170 | F109: =CALC!$F$170 | G109: =CALC!$I$170
A110: =CALC!$A$171 | B110: =CALC!$B$171 | C110: =CALC!$C$171 | D110: =CALC!$D$171 | E110: =CALC!$E$171 | F110: =CALC!$F$171 | G110: =CALC!$I$171
A112: A frequência é apurada por competência mensal. Cada lançamento deve usar o mês de referência (AAAA-MM), com consolidação ponderada pelas presenças previstas.
A114: Por disciplina — mês de referência | D114: mostra só o curso em foco; '(todos)' mostra tudo
A115: Curso | B115: Disciplina | C115: Previstas | D115: Registradas | E115: Valor | F115: Meta | G115: Status
A116: =CALC!$A$121 | B116: =CALC!$B$121 | C116: =CALC!$C$121 | D116: =CALC!$D$121 | E116: =CALC!$E$121 | F116: =CALC!$F$121 | G116: =CALC!$H$121
A117: =CALC!$A$122 | B117: =CALC!$B$122 | C117: =CALC!$C$122 | D117: =CALC!$D$122 | E117: =CALC!$E$122 | F117: =CALC!$F$122 | G117: =CALC!$H$122
A118: =CALC!$A$123 | B118: =CALC!$B$123 | C118: =CALC!$C$123 | D118: =CALC!$D$123 | E118: =CALC!$E$123 | F118: =CALC!$F$123 | G118: =CALC!$H$123
A119: =CALC!$A$124 | B119: =CALC!$B$124 | C119: =CALC!$C$124 | D119: =CALC!$D$124 | E119: =CALC!$E$124 | F119: =CALC!$F$124 | G119: =CALC!$H$124
A120: =CALC!$A$125 | B120: =CALC!$B$125 | C120: =CALC!$C$125 | D120: =CALC!$D$125 | E120: =CALC!$E$125 | F120: =CALC!$F$125 | G120: =CALC!$H$125
A121: =CALC!$A$126 | B121: =CALC!$B$126 | C121: =CALC!$C$126 | D121: =CALC!$D$126 | E121: =CALC!$E$126 | F121: =CALC!$F$126 | G121: =CALC!$H$126
A122: =CALC!$A$127 | B122: =CALC!$B$127 | C122: =CALC!$C$127 | D122: =CALC!$D$127 | E122: =CALC!$E$127 | F122: =CALC!$F$127 | G122: =CALC!$H$127
A123: =CALC!$A$128 | B123: =CALC!$B$128 | C123: =CALC!$C$128 | D123: =CALC!$D$128 | E123: =CALC!$E$128 | F123: =CALC!$F$128 | G123: =CALC!$H$128
A124: =CALC!$A$129 | B124: =CALC!$B$129 | C124: =CALC!$C$129 | D124: =CALC!$D$129 | E124: =CALC!$E$129 | F124: =CALC!$F$129 | G124: =CALC!$H$129
A125: =CALC!$A$130 | B125: =CALC!$B$130 | C125: =CALC!$C$130 | D125: =CALC!$D$130 | E125: =CALC!$E$130 | F125: =CALC!$F$130 | G125: =CALC!$H$130
A126: =CALC!$A$131 | B126: =CALC!$B$131 | C126: =CALC!$C$131 | D126: =CALC!$D$131 | E126: =CALC!$E$131 | F126: =CALC!$F$131 | G126: =CALC!$H$131
A127: =CALC!$A$132 | B127: =CALC!$B$132 | C127: =CALC!$C$132 | D127: =CALC!$D$132 | E127: =CALC!$E$132 | F127: =CALC!$F$132 | G127: =CALC!$H$132
A128: =CALC!$A$133 | B128: =CALC!$B$133 | C128: =CALC!$C$133 | D128: =CALC!$D$133 | E128: =CALC!$E$133 | F128: =CALC!$F$133 | G128: =CALC!$H$133
A129: =CALC!$A$134 | B129: =CALC!$B$134 | C129: =CALC!$C$134 | D129: =CALC!$D$134 | E129: =CALC!$E$134 | F129: =CALC!$F$134 | G129: =CALC!$H$134
A130: =CALC!$A$135 | B130: =CALC!$B$135 | C130: =CALC!$C$135 | D130: =CALC!$D$135 | E130: =CALC!$E$135 | F130: =CALC!$F$135 | G130: =CALC!$H$135
A131: =CALC!$A$136 | B131: =CALC!$B$136 | C131: =CALC!$C$136 | D131: =CALC!$D$136 | E131: =CALC!$E$136 | F131: =CALC!$F$136 | G131: =CALC!$H$136
A132: =CALC!$A$137 | B132: =CALC!$B$137 | C132: =CALC!$C$137 | D132: =CALC!$D$137 | E132: =CALC!$E$137 | F132: =CALC!$F$137 | G132: =CALC!$H$137
A133: =CALC!$A$138 | B133: =CALC!$B$138 | C133: =CALC!$C$138 | D133: =CALC!$D$138 | E133: =CALC!$E$138 | F133: =CALC!$F$138 | G133: =CALC!$H$138
A134: =CALC!$A$139 | B134: =CALC!$B$139 | C134: =CALC!$C$139 | D134: =CALC!$D$139 | E134: =CALC!$E$139 | F134: =CALC!$F$139 | G134: =CALC!$H$139
A135: =CALC!$A$140 | B135: =CALC!$B$140 | C135: =CALC!$C$140 | D135: =CALC!$D$140 | E135: =CALC!$E$140 | F135: =CALC!$F$140 | G135: =CALC!$H$140
A136: =CALC!$A$141 | B136: =CALC!$B$141 | C136: =CALC!$C$141 | D136: =CALC!$D$141 | E136: =CALC!$E$141 | F136: =CALC!$F$141 | G136: =CALC!$H$141
A137: =CALC!$A$142 | B137: =CALC!$B$142 | C137: =CALC!$C$142 | D137: =CALC!$D$142 | E137: =CALC!$E$142 | F137: =CALC!$F$142 | G137: =CALC!$H$142
A138: =CALC!$A$143 | B138: =CALC!$B$143 | C138: =CALC!$C$143 | D138: =CALC!$D$143 | E138: =CALC!$E$143 | F138: =CALC!$F$143 | G138: =CALC!$H$143
A139: =CALC!$A$144 | B139: =CALC!$B$144 | C139: =CALC!$C$144 | D139: =CALC!$D$144 | E139: =CALC!$E$144 | F139: =CALC!$F$144 | G139: =CALC!$H$144
A140: =CALC!$A$145 | B140: =CALC!$B$145 | C140: =CALC!$C$145 | D140: =CALC!$D$145 | E140: =CALC!$E$145 | F140: =CALC!$F$145 | G140: =CALC!$H$145
A141: =CALC!$A$146 | B141: =CALC!$B$146 | C141: =CALC!$C$146 | D141: =CALC!$D$146 | E141: =CALC!$E$146 | F141: =CALC!$F$146 | G141: =CALC!$H$146
A142: =CALC!$A$147 | B142: =CALC!$B$147 | C142: =CALC!$C$147 | D142: =CALC!$D$147 | E142: =CALC!$E$147 | F142: =CALC!$F$147 | G142: =CALC!$H$147
A143: =CALC!$A$148 | B143: =CALC!$B$148 | C143: =CALC!$C$148 | D143: =CALC!$D$148 | E143: =CALC!$E$148 | F143: =CALC!$F$148 | G143: =CALC!$H$148
A144: =CALC!$A$149 | B144: =CALC!$B$149 | C144: =CALC!$C$149 | D144: =CALC!$D$149 | E144: =CALC!$E$149 | F144: =CALC!$F$149 | G144: =CALC!$H$149
A145: =CALC!$A$150 | B145: =CALC!$B$150 | C145: =CALC!$C$150 | D145: =CALC!$D$150 | E145: =CALC!$E$150 | F145: =CALC!$F$150 | G145: =CALC!$H$150
A146: =CALC!$A$151 | B146: =CALC!$B$151 | C146: =CALC!$C$151 | D146: =CALC!$D$151 | E146: =CALC!$E$151 | F146: =CALC!$F$151 | G146: =CALC!$H$151
A147: =CALC!$A$152 | B147: =CALC!$B$152 | C147: =CALC!$C$152 | D147: =CALC!$D$152 | E147: =CALC!$E$152 | F147: =CALC!$F$152 | G147: =CALC!$H$152
A148: =CALC!$A$153 | B148: =CALC!$B$153 | C148: =CALC!$C$153 | D148: =CALC!$D$153 | E148: =CALC!$E$153 | F148: =CALC!$F$153 | G148: =CALC!$H$153
A149: =CALC!$A$154 | B149: =CALC!$B$154 | C149: =CALC!$C$154 | D149: =CALC!$D$154 | E149: =CALC!$E$154 | F149: =CALC!$F$154 | G149: =CALC!$H$154
A150: =CALC!$A$155 | B150: =CALC!$B$155 | C150: =CALC!$C$155 | D150: =CALC!$D$155 | E150: =CALC!$E$155 | F150: =CALC!$F$155 | G150: =CALC!$H$155
A151: =CALC!$A$156 | B151: =CALC!$B$156 | C151: =CALC!$C$156 | D151: =CALC!$D$156 | E151: =CALC!$E$156 | F151: =CALC!$F$156 | G151: =CALC!$H$156
A152: =CALC!$A$157 | B152: =CALC!$B$157 | C152: =CALC!$C$157 | D152: =CALC!$D$157 | E152: =CALC!$E$157 | F152: =CALC!$F$157 | G152: =CALC!$H$157
A153: =CALC!$A$158 | B153: =CALC!$B$158 | C153: =CALC!$C$158 | D153: =CALC!$D$158 | E153: =CALC!$E$158 | F153: =CALC!$F$158 | G153: =CALC!$H$158
A154: Antes da reunião gerencial, confirme que a aba QUALIDADE E GOVERNANÇA apresenta zero erros nas bases de entrada.
A156: Cada curso ao longo dos meses: aba MATRIZ. Recorte fora da meta exige linha em PLANO_DE_ACAO.

Sheet QUALIDADE E GOVERNANÇA
A1: QUALIDADE DOS DADOS E GOVERNANÇA DO PROTÓTIPO
A2: Controles criados para reduzir dupla contagem, inconsistência de cadastro e decisões baseadas em dados incompletos.
A4: CONTROLES AUTOMÁTICOS
A5: Base | B5: Regra verificada | C5: Erros atuais | D5: Risco de gestão | E5: Ação recomendada | F5: Prioridade
A6: NPS Discente | B6: Respondentes = promotores + neutros + detratores, sem negativos e sem chave duplicada | C6: =COUNTIF('NPS DISCENTES'!$J$5:$J$1200,"ERRO*") | D6: NPS distorcido ou pesquisas contadas duas vezes | E6: Corrigir todas as linhas com erro antes da reunião de gestão | F6: Crítica
A7: Matrículas Ativas | B7: Valor não negativo e apenas uma fotografia por período e curso | C7: =COUNTIF('MATRICULAS ATIVAS'!$G$5:$G$1200,"ERRO*") | D7: Estoque inflado e comparação mensal incorreta | E7: Manter somente o fechamento oficial do mês | F7: Crítica
A8: Frequência Média | B8: Registradas não superam previstas, chave única e disciplina vinculada ao curso | C8: =COUNTIF('FREQUÊNCIA MÉDIA'!$I$5:$I$1200,"ERRO*") | D8: Taxa de frequência inválida e recorte acadêmico incorreto | E8: Corrigir vínculo e bases antes de publicar o KPI | F8: Crítica
A11: AVALIAÇÃO DO DESENHO DO PAINEL
A12: Tema | B12: Diagnóstico | C12: Decisão aplicada | D12: Próximo passo recomendado | E12: Prazo sugerido | F12: Responsável
A13: Granularidade temporal | B13: A flexibilidade semanal, quinzenal, mensal e semestral é útil, porém a soma por prefixo permite dupla contagem quando há mês inteiro junto com subperíodos. | C13: Incluída regra explícita de competência e validação por KPI. | D13: Na próxima versão, substituir o modelo por competência + data inicial + data final e bloquear sobreposição de intervalos. | E13: Próxima versão | F13: Responsável técnico
A14: Frequência mensal | B14: A frequência é corretamente ponderada por presenças previstas, porém repetir o mesmo resultado em seis meses pode ser interpretado como série mensal. | C14: A competência da frequência deve ser mensal (AAAA-MM) e única por curso e disciplina. | D14: No gráfico, utilizar um ponto por mês; períodos sem alimentação permanecem sem resultado. | E14: Curto prazo | F14: Responsável técnico
A15: Matrículas ativas | B15: É KPI de estoque e deve representar a fotografia oficial do mês. | C15: Mantida alimentação mensal e reforçada a definição como fotografia de fechamento. | D15: Definir data oficial de corte e fonte institucional única, por exemplo Secretaria Acadêmica. | E15: Antes da implantação | F15: Diretoria + Secretaria
A16: NPS | B16: A fórmula consolidada é ponderada por respondentes e está adequada. Faltava controle sobre composição e duplicidade. | C16: Adicionada validação automática em cada linha. | D16: Adicionar taxa de resposta e intervalo de confiança/amostra mínima para evitar decisões sobre amostras pequenas. | E16: Curto prazo | F16: CPA + Diretoria
A17: Metas | B17: A estrutura permite meta total e específica por recorte, com vigência, mas as fórmulas são extensas e difíceis de auditar. | C17: Preservada para compatibilidade. | D17: Criar uma tabela de metas vigentes normalizada e uma coluna de chave única para simplificar cálculos e manutenção. | E17: Médio prazo | F17: Responsável técnico
A18: Plano de ação | B18: A vinculação a recortes fora da meta é um ponto forte, porém quantidade de planos abertos não garante cobertura correta do mesmo recorte. | C18: Mantido o controle atual. | D18: Criar chave Mês + KPI + Recorte e comparar chaves, evitando que planos de um recorte sejam contabilizados em outro. | E18: Curto prazo | F18: Diretoria
A19: Escopo de KPIs | B19: Três KPIs são adequados para o protótipo atual, mas a matriz institucional prevê expansão progressiva. | C19: Mantido o escopo enxuto para piloto. | D19: Após estabilizar dados, incorporar NPS Docente, cumprimento de registros, titulação docente, reprovação e produção acadêmica. | E19: Fase 2 | F19: Reitoria + Diretoria
A20: Cadastro de disciplinas | B20: A lista atual é declaradamente ilustrativa e não pode ser tratada como grade oficial. | C20: Incluído controle de vínculo curso-disciplina. | D20: Substituir por extração oficial da matriz curricular, com código da disciplina, turma, docente e vigência. | E20: Antes da implantação | F20: Secretaria Acadêmica
A23: CRITÉRIOS DE LIBERAÇÃO PARA USO GERENCIAL
A24: ☐ | B24: Zero linhas com erro nas três bases de entrada.
A25: ☐ | B25: Fonte oficial, responsável e data de corte definidos para cada KPI.
A26: ☐ | B26: Metas aprovadas e registradas com vigência.
A27: ☐ | B27: Nenhuma competência com granularidades sobrepostas.
A28: ☐ | B28: Planos de ação vinculados pela chave exata do recorte fora da meta.
A29: ☐ | B29: Grade de disciplinas substituída pela base acadêmica oficial.

Sheet MATRIZ
A1: CADA CURSO AO LONGO DOS MESES DA JANELA
A2: Colunas em branco são meses fora da janela. Nas últimas colunas, a comparação entre o mês de referência e o de comparação. No DTNH-02 é a variação que define o status.
A4: DTNH-01 — NPS Discente da Área
A5: Curso | B5: =CALC!$B$22 | C5: =CALC!$B$23 | D5: =CALC!$B$24 | E5: =CALC!$B$25 | F5: =CALC!$B$26 | G5: =CALC!$B$27 | H5: =CALC!$B$28 | I5: =CALC!$B$29 | J5: =CALC!$B$30 | K5: =CALC!$B$31 | L5: =CALC!$B$32 | M5: =CALC!$B$33 | N5: Referência | O5: Comparação | P5: Variação | Q5: Meta | R5: Status
A6: =CURSOS!$A$5 | B6: =IF(B$5="","",IF(COUNTIFS(Tabela3[Período],B$5,Tabela3[Curso],$A6)=0,"",IFERROR((SUMIFS(Tabela3[Promotores (9-10)],Tabela3[Período],B$5,Tabela3[Curso],$A6)-SUMIFS(Tabela3[Detratores (0-6)],Tabela3[Período],B$5,Tabela3[Curso],$A6))/SUMIFS(Tabela3[Respondentes],Tabela3[Período],B$5,Tabela3[Curso],$A6)*100,""))) | C6: =IF(C$5="","",IF(COUNTIFS(Tabela3[Período],C$5,Tabela3[Curso],$A6)=0,"",IFERROR((SUMIFS(Tabela3[Promotores (9-10)],Tabela3[Período],C$5,Tabela3[Curso],$A6)-SUMIFS(Tabela3[Detratores (0-6)],Tabela3[Período],C$5,Tabela3[Curso],$A6))/SUMIFS(Tabela3[Respondentes],Tabela3[Período],C$5,Tabela3[Curso],$A6)*100,""))) | D6: =IF(D$5="","",IF(COUNTIFS(Tabela3[Período],D$5,Tabela3[Curso],$A6)=0,"",IFERROR((SUMIFS(Tabela3[Promotores (9-10)],Tabela3[Período],D$5,Tabela3[Curso],$A6)-SUMIFS(Tabela3[Detratores (0-6)],Tabela3[Período],D$5,Tabela3[Curso],$A6))/SUMIFS(Tabela3[Respondentes],Tabela3[Período],D$5,Tabela3[Curso],$A6)*100,""))) | E6: =IF(E$5="","",IF(COUNTIFS(Tabela3[Período],E$5,Tabela3[Curso],$A6)=0,"",IFERROR((SUMIFS(Tabela3[Promotores (9-10)],Tabela3[Período],E$5,Tabela3[Curso],$A6)-SUMIFS(Tabela3[Detratores (0-6)],Tabela3[Período],E$5,Tabela3[Curso],$A6))/SUMIFS(Tabela3[Respondentes],Tabela3[Período],E$5,Tabela3[Curso],$A6)*100,""))) | F6: =IF(F$5="","",IF(COUNTIFS(Tabela3[Período],F$5,Tabela3[Curso],$A6)=0,"",IFERROR((SUMIFS(Tabela3[Promotores (9-10)],Tabela3[Período],F$5,Tabela3[Curso],$A6)-SUMIFS(Tabela3[Detratores (0-6)],Tabela3[Período],F$5,Tabela3[Curso],$A6))/SUMIFS(Tabela3[Respondentes],Tabela3[Período],F$5,Tabela3[Curso],$A6)*100,""))) | G6: =IF(G$5="","",IF(COUNTIFS(Tabela3[Período],G$5,Tabela3[Curso],$A6)=0,"",IFERROR((SUMIFS(Tabela3[Promotores (9-10)],Tabela3[Período],G$5,Tabela3[Curso],$A6)-SUMIFS(Tabela3[Detratores (0-6)],Tabela3[Período],G$5,Tabela3[Curso],$A6))/SUMIFS(Tabela3[Respondentes],Tabela3[Período],G$5,Tabela3[Curso],$A6)*100,""))) | H6: =IF(H$5="","",IF(COUNTIFS(Tabela3[Período],H$5,Tabela3[Curso],$A6)=0,"",IFERROR((SUMIFS(Tabela3[Promotores (9-10)],Tabela3[Período],H$5,Tabela3[Curso],$A6)-SUMIFS(Tabela3[Detratores (0-6)],Tabela3[Período],H$5,Tabela3[Curso],$A6))/SUMIFS(Tabela3[Respondentes],Tabela3[Período],H$5,Tabela3[Curso],$A6)*100,""))) | I6: =IF(I$5="","",IF(COUNTIFS(Tabela3[Período],I$5,Tabela3[Curso],$A6)=0,"",IFERROR((SUMIFS(Tabela3[Promotores (9-10)],Tabela3[Período],I$5,Tabela3[Curso],$A6)-SUMIFS(Tabela3[Detratores (0-6)],Tabela3[Período],I$5,Tabela3[Curso],$A6))/SUMIFS(Tabela3[Respondentes],Tabela3[Período],I$5,Tabela3[Curso],$A6)*100,""))) | ... M6: =IF(M$5="","",IF(COUNTIFS(Tabela3[Período],M$5,Tabela3[Curso],$A6)=0,"",IFERROR((SUMIFS(Tabela3[Promotores (9-10)],Tabela3[Período],M$5,Tabela3[Curso],$A6)-SUMIFS(Tabela3[Detratores (0-6)],Tabela3[Período],M$5,Tabela3[Curso],$A6))/SUMIFS(Tabela3[Respondentes],Tabela3[Período],M$5,Tabela3[Curso],$A6)*100,""))) | N6: =IF(CALC!$N$37="","",IF(COUNTIFS(Tabela3[Período],CALC!$N$37,Tabela3[Curso],$A6)=0,"",IFERROR((SUMIFS(Tabela3[Promotores (9-10)],Tabela3[Período],CALC!$N$37,Tabela3[Curso],$A6)-SUMIFS(Tabela3[Detratores (0-6)],Tabela3[Período],CALC!$N$37,Tabela3[Curso],$A6))/SUMIFS(Tabela3[Respondentes],Tabela3[Período],CALC!$N$37,Tabela3[Curso],$A6)*100,""))) | O6: =IF(CALC!$O$37="","",IF(COUNTIFS(Tabela3[Período],CALC!$O$37,Tabela3[Curso],$A6)=0,"",IFERROR((SUMIFS(Tabela3[Promotores (9-10)],Tabela3[Período],CALC!$O$37,Tabela3[Curso],$A6)-SUMIFS(Tabela3[Detratores (0-6)],Tabela3[Período],CALC!$O$37,Tabela3[Curso],$A6))/SUMIFS(Tabela3[Respondentes],Tabela3[Período],CALC!$O$37,Tabela3[Curso],$A6)*100,""))) | P6: =IF(OR(N6="",O6=""),"",N6-O6) | Q6: =IFERROR(INDEX(CALC!$B$8:$B$17,MATCH($A6,CALC!$A$8:$A$17,0)),"") | R6: =IF(OR(N6="",Q6=""),"",IF(ROUND(N6,6)>=ROUND(Q6,6),"Dentro da meta",IF(AND(IFERROR(IFERROR(INDEX(CALC!$C$8:$C$17,MATCH($A6,CALC!$A$8:$A$17,0)),""),"")<>"",ROUND(N6,6)>=ROUND(IFERROR(IFERROR(INDEX(CALC!$C$8:$C$17,MATCH($A6,CALC!$A$8:$A$17,0)),""),""),6)),"Atenção","Fora da meta")))
A7: =CURSOS!$A$6 | B7: =IF(B$5="","",IF(COUNTIFS(Tabela3[Período],B$5,Tabela3[Curso],$A7)=0,"",IFERROR((SUMIFS(Tabela3[Promotores (9-10)],Tabela3[Período],B$5,Tabela3[Curso],$A7)-SUMIFS(Tabela3[Detratores (0-6)],Tabela3[Período],B$5,Tabela3[Curso],$A7))/SUMIFS(Tabela3[Respondentes],Tabela3[Período],B$5,Tabela3[Curso],$A7)*100,""))) | C7: =IF(C$5="","",IF(COUNTIFS(Tabela3[Período],C$5,Tabela3[Curso],$A7)=0,"",IFERROR((SUMIFS(Tabela3[Promotores (9-10)],Tabela3[Período],C$5,Tabela3[Curso],$A7)-SUMIFS(Tabela3[Detratores (0-6)],Tabela3[Período],C$5,Tabela3[Curso],$A7))/SUMIFS(Tabela3[Respondentes],Tabela3[Período],C$5,Tabela3[Curso],$A7)*100,""))) | D7: =IF(D$5="","",IF(COUNTIFS(Tabela3[Período],D$5,Tabela3[Curso],$A7)=0,"",IFERROR((SUMIFS(Tabela3[Promotores (9-10)],Tabela3[Período],D$5,Tabela3[Curso],$A7)-SUMIFS(Tabela3[Detratores (0-6)],Tabela3[Período],D$5,Tabela3[Curso],$A7))/SUMIFS(Tabela3[Respondentes],Tabela3[Período],D$5,Tabela3[Curso],$A7)*100,""))) | E7: =IF(E$5="","",IF(COUNTIFS(Tabela3[Período],E$5,Tabela3[Curso],$A7)=0,"",IFERROR((SUMIFS(Tabela3[Promotores (9-10)],Tabela3[Período],E$5,Tabela3[Curso],$A7)-SUMIFS(Tabela3[Detratores (0-6)],Tabela3[Período],E$5,Tabela3[Curso],$A7))/SUMIFS(Tabela3[Respondentes],Tabela3[Período],E$5,Tabela3[Curso],$A7)*100,""))) | F7: =IF(F$5="","",IF(COUNTIFS(Tabela3[Período],F$5,Tabela3[Curso],$A7)=0,"",IFERROR((SUMIFS(Tabela3[Promotores (9-10)],Tabela3[Período],F$5,Tabela3[Curso],$A7)-SUMIFS(Tabela3[Detratores (0-6)],Tabela3[Período],F$5,Tabela3[Curso],$A7))/SUMIFS(Tabela3[Respondentes],Tabela3[Período],F$5,Tabela3[Curso],$A7)*100,""))) | G7: =IF(G$5="","",IF(COUNTIFS(Tabela3[Período],G$5,Tabela3[Curso],$A7)=0,"",IFERROR((SUMIFS(Tabela3[Promotores (9-10)],Tabela3[Período],G$5,Tabela3[Curso],$A7)-SUMIFS(Tabela3[Detratores (0-6)],Tabela3[Período],G$5,Tabela3[Curso],$A7))/SUMIFS(Tabela3[Respondentes],Tabela3[Período],G$5,Tabela3[Curso],$A7)*100,""))) | H7: =IF(H$5="","",IF(COUNTIFS(Tabela3[Período],H$5,Tabela3[Curso],$A7)=0,"",IFERROR((SUMIFS(Tabela3[Promotores (9-10)],Tabela3[Período],H$5,Tabela3[Curso],$A7)-SUMIFS(Tabela3[Detratores (0-6)],Tabela3[Período],H$5,Tabela3[Curso],$A7))/SUMIFS(Tabela3[Respondentes],Tabela3[Período],H$5,Tabela3[Curso],$A7)*100,""))) | I7: =IF(I$5="","",IF(COUNTIFS(Tabela3[Período],I$5,Tabela3[Curso],$A7)=0,"",IFERROR((SUMIFS(Tabela3[Promotores (9-10)],Tabela3[Período],I$5,Tabela3[Curso],$A7)-SUMIFS(Tabela3[Detratores (0-6)],Tabela3[Período],I$5,Tabela3[Curso],$A7))/SUMIFS(Tabela3[Respondentes],Tabela3[Período],I$5,Tabela3[Curso],$A7)*100,""))) | ... M7: =IF(M$5="","",IF(COUNTIFS(Tabela3[Período],M$5,Tabela3[Curso],$A7)=0,"",IFERROR((SUMIFS(Tabela3[Promotores (9-10)],Tabela3[Período],M$5,Tabela3[Curso],$A7)-SUMIFS(Tabela3[Detratores (0-6)],Tabela3[Período],M$5,Tabela3[Curso],$A7))/SUMIFS(Tabela3[Respondentes],Tabela3[Período],M$5,Tabela3[Curso],$A7)*100,""))) | N7: =IF(CALC!$N$37="","",IF(COUNTIFS(Tabela3[Período],CALC!$N$37,Tabela3[Curso],$A7)=0,"",IFERROR((SUMIFS(Tabela3[Promotores (9-10)],Tabela3[Período],CALC!$N$37,Tabela3[Curso],$A7)-SUMIFS(Tabela3[Detratores (0-6)],Tabela3[Período],CALC!$N$37,Tabela3[Curso],$A7))/SUMIFS(Tabela3[Respondentes],Tabela3[Período],CALC!$N$37,Tabela3[Curso],$A7)*100,""))) | O7: =IF(CALC!$O$37="","",IF(COUNTIFS(Tabela3[Período],CALC!$O$37,Tabela3[Curso],$A7)=0,"",IFERROR((SUMIFS(Tabela3[Promotores (9-10)],Tabela3[Período],CALC!$O$37,Tabela3[Curso],$A7)-SUMIFS(Tabela3[Detratores (0-6)],Tabela3[Período],CALC!$O$37,Tabela3[Curso],$A7))/SUMIFS(Tabela3[Respondentes],Tabela3[Período],CALC!$O$37,Tabela3[Curso],$A7)*100,""))) | P7: =IF(OR(N7="",O7=""),"",N7-O7) | Q7: =IFERROR(INDEX(CALC!$B$8:$B$17,MATCH($A7,CALC!$A$8:$A$17,0)),"") | R7: =IF(OR(N7="",Q7=""),"",IF(ROUND(N7,6)>=ROUND(Q7,6),"Dentro da meta",IF(AND(IFERROR(IFERROR(INDEX(CALC!$C$8:$C$17,MATCH($A7,CALC!$A$8:$A$17,0)),""),"")<>"",ROUND(N7,6)>=ROUND(IFERROR(IFERROR(INDEX(CALC!$C$8:$C$17,MATCH($A7,CALC!$A$8:$A$17,0)),""),""),6)),"Atenção","Fora da meta")))
A8: =CURSOS!$A$7 | B8: =IF(B$5="","",IF(COUNTIFS(Tabela3[Período],B$5,Tabela3[Curso],$A8)=0,"",IFERROR((SUMIFS(Tabela3[Promotores (9-10)],Tabela3[Período],B$5,Tabela3[Curso],$A8)-SUMIFS(Tabela3[Detratores (0-6)],Tabela3[Período],B$5,Tabela3[Curso],$A8))/SUMIFS(Tabela3[Respondentes],Tabela3[Período],B$5,Tabela3[Curso],$A8)*100,""))) | C8: =IF(C$5="","",IF(COUNTIFS(Tabela3[Período],C$5,Tabela3[Curso],$A8)=0,"",IFERROR((SUMIFS(Tabela3[Promotores (9-10)],Tabela3[Período],C$5,Tabela3[Curso],$A8)-SUMIFS(Tabela3[Detratores (0-6)],Tabela3[Período],C$5,Tabela3[Curso],$A8))/SUMIFS(Tabela3[Respondentes],Tabela3[Período],C$5,Tabela3[Curso],$A8)*100,""))) | D8: =IF(D$5="","",IF(COUNTIFS(Tabela3[Período],D$5,Tabela3[Curso],$A8)=0,"",IFERROR((SUMIFS(Tabela3[Promotores (9-10)],Tabela3[Período],D$5,Tabela3[Curso],$A8)-SUMIFS(Tabela3[Detratores (0-6)],Tabela3[Período],D$5,Tabela3[Curso],$A8))/SUMIFS(Tabela3[Respondentes],Tabela3[Período],D$5,Tabela3[Curso],$A8)*100,""))) | E8: =IF(E$5="","",IF(COUNTIFS(Tabela3[Período],E$5,Tabela3[Curso],$A8)=0,"",IFERROR((SUMIFS(Tabela3[Promotores (9-10)],Tabela3[Período],E$5,Tabela3[Curso],$A8)-SUMIFS(Tabela3[Detratores (0-6)],Tabela3[Período],E$5,Tabela3[Curso],$A8))/SUMIFS(Tabela3[Respondentes],Tabela3[Período],E$5,Tabela3[Curso],$A8)*100,""))) | F8: =IF(F$5="","",IF(COUNTIFS(Tabela3[Período],F$5,Tabela3[Curso],$A8)=0,"",IFERROR((SUMIFS(Tabela3[Promotores (9-10)],Tabela3[Período],F$5,Tabela3[Curso],$A8)-SUMIFS(Tabela3[Detratores (0-6)],Tabela3[Período],F$5,Tabela3[Curso],$A8))/SUMIFS(Tabela3[Respondentes],Tabela3[Período],F$5,Tabela3[Curso],$A8)*100,""))) | G8: =IF(G$5="","",IF(COUNTIFS(Tabela3[Período],G$5,Tabela3[Curso],$A8)=0,"",IFERROR((SUMIFS(Tabela3[Promotores (9-10)],Tabela3[Período],G$5,Tabela3[Curso],$A8)-SUMIFS(Tabela3[Detratores (0-6)],Tabela3[Período],G$5,Tabela3[Curso],$A8))/SUMIFS(Tabela3[Respondentes],Tabela3[Período],G$5,Tabela3[Curso],$A8)*100,""))) | H8: =IF(H$5="","",IF(COUNTIFS(Tabela3[Período],H$5,Tabela3[Curso],$A8)=0,"",IFERROR((SUMIFS(Tabela3[Promotores (9-10)],Tabela3[Período],H$5,Tabela3[Curso],$A8)-SUMIFS(Tabela3[Detratores (0-6)],Tabela3[Período],H$5,Tabela3[Curso],$A8))/SUMIFS(Tabela3[Respondentes],Tabela3[Período],H$5,Tabela3[Curso],$A8)*100,""))) | I8: =IF(I$5="","",IF(COUNTIFS(Tabela3[Período],I$5,Tabela3[Curso],$A8)=0,"",IFERROR((SUMIFS(Tabela3[Promotores (9-10)],Tabela3[Período],I$5,Tabela3[Curso],$A8)-SUMIFS(Tabela3[Detratores (0-6)],Tabela3[Período],I$5,Tabela3[Curso],$A8))/SUMIFS(Tabela3[Respondentes],Tabela3[Período],I$5,Tabela3[Curso],$A8)*100,""))) | ... M8: =IF(M$5="","",IF(COUNTIFS(Tabela3[Período],M$5,Tabela3[Curso],$A8)=0,"",IFERROR((SUMIFS(Tabela3[Promotores (9-10)],Tabela3[Período],M$5,Tabela3[Curso],$A8)-SUMIFS(Tabela3[Detratores (0-6)],Tabela3[Período],M$5,Tabela3[Curso],$A8))/SUMIFS(Tabela3[Respondentes],Tabela3[Período],M$5,Tabela3[Curso],$A8)*100,""))) | N8: =IF(CALC!$N$37="","",IF(COUNTIFS(Tabela3[Período],CALC!$N$37,Tabela3[Curso],$A8)=0,"",IFERROR((SUMIFS(Tabela3[Promotores (9-10)],Tabela3[Período],CALC!$N$37,Tabela3[Curso],$A8)-SUMIFS(Tabela3[Detratores (0-6)],Tabela3[Período],CALC!$N$37,Tabela3[Curso],$A8))/SUMIFS(Tabela3[Respondentes],Tabela3[Período],CALC!$N$37,Tabela3[Curso],$A8)*100,""))) | O8: =IF(CALC!$O$37="","",IF(COUNTIFS(Tabela3[Período],CALC!$O$37,Tabela3[Curso],$A8)=0,"",IFERROR((SUMIFS(Tabela3[Promotores (9-10)],Tabela3[Período],CALC!$O$37,Tabela3[Curso],$A8)-SUMIFS(Tabela3[Detratores (0-6)],Tabela3[Período],CALC!$O$37,Tabela3[Curso],$A8))/SUMIFS(Tabela3[Respondentes],Tabela3[Período],CALC!$O$37,Tabela3[Curso],$A8)*100,""))) | P8: =IF(OR(N8="",O8=""),"",N8-O8) | Q8: =IFERROR(INDEX(CALC!$B$8:$B$17,MATCH($A8,CALC!$A$8:$A$17,0)),"") | R8: =IF(OR(N8="",Q8=""),"",IF(ROUND(N8,6)>=ROUND(Q8,6),"Dentro da meta",IF(AND(IFERROR(IFERROR(INDEX(CALC!$C$8:$C$17,MATCH($A8,CALC!$A$8:$A$17,0)),""),"")<>"",ROUND(N8,6)>=ROUND(IFERROR(IFERROR(INDEX(CALC!$C$8:$C$17,MATCH($A8,CALC!$A$8:$A$17,0)),""),""),6)),"Atenção","Fora da meta")))
A9: =CURSOS!$A$8 | B9: =IF(B$5="","",IF(COUNTIFS(Tabela3[Período],B$5,Tabela3[Curso],$A9)=0,"",IFERROR((SUMIFS(Tabela3[Promotores (9-10)],Tabela3[Período],B$5,Tabela3[Curso],$A9)-SUMIFS(Tabela3[Detratores (0-6)],Tabela3[Período],B$5,Tabela3[Curso],$A9))/SUMIFS(Tabela3[Respondentes],Tabela3[Período],B$5,Tabela3[Curso],$A9)*100,""))) | C9: =IF(C$5="","",IF(COUNTIFS(Tabela3[Período],C$5,Tabela3[Curso],$A9)=0,"",IFERROR((SUMIFS(Tabela3[Promotores (9-10)],Tabela3[Período],C$5,Tabela3[Curso],$A9)-SUMIFS(Tabela3[Detratores (0-6)],Tabela3[Período],C$5,Tabela3[Curso],$A9))/SUMIFS(Tabela3[Respondentes],Tabela3[Período],C$5,Tabela3[Curso],$A9)*100,""))) | D9: =IF(D$5="","",IF(COUNTIFS(Tabela3[Período],D$5,Tabela3[Curso],$A9)=0,"",IFERROR((SUMIFS(Tabela3[Promotores (9-10)],Tabela3[Período],D$5,Tabela3[Curso],$A9)-SUMIFS(Tabela3[Detratores (0-6)],Tabela3[Período],D$5,Tabela3[Curso],$A9))/SUMIFS(Tabela3[Respondentes],Tabela3[Período],D$5,Tabela3[Curso],$A9)*100,""))) | E9: =IF(E$5="","",IF(COUNTIFS(Tabela3[Período],E$5,Tabela3[Curso],$A9)=0,"",IFERROR((SUMIFS(Tabela3[Promotores (9-10)],Tabela3[Período],E$5,Tabela3[Curso],$A9)-SUMIFS(Tabela3[Detratores (0-6)],Tabela3[Período],E$5,Tabela3[Curso],$A9))/SUMIFS(Tabela3[Respondentes],Tabela3[Período],E$5,Tabela3[Curso],$A9)*100,""))) | F9: =IF(F$5="","",IF(COUNTIFS(Tabela3[Período],F$5,Tabela3[Curso],$A9)=0,"",IFERROR((SUMIFS(Tabela3[Promotores (9-10)],Tabela3[Período],F$5,Tabela3[Curso],$A9)-SUMIFS(Tabela3[Detratores (0-6)],Tabela3[Período],F$5,Tabela3[Curso],$A9))/SUMIFS(Tabela3[Respondentes],Tabela3[Período],F$5,Tabela3[Curso],$A9)*100,""))) | G9: =IF(G$5="","",IF(COUNTIFS(Tabela3[Período],G$5,Tabela3[Curso],$A9)=0,"",IFERROR((SUMIFS(Tabela3[Promotores (9-10)],Tabela3[Período],G$5,Tabela3[Curso],$A9)-SUMIFS(Tabela3[Detratores (0-6)],Tabela3[Período],G$5,Tabela3[Curso],$A9))/SUMIFS(Tabela3[Respondentes],Tabela3[Período],G$5,Tabela3[Curso],$A9)*100,""))) | H9: =IF(H$5="","",IF(COUNTIFS(Tabela3[Período],H$5,Tabela3[Curso],$A9)=0,"",IFERROR((SUMIFS(Tabela3[Promotores (9-10)],Tabela3[Período],H$5,Tabela3[Curso],$A9)-SUMIFS(Tabela3[Detratores (0-6)],Tabela3[Período],H$5,Tabela3[Curso],$A9))/SUMIFS(Tabela3[Respondentes],Tabela3[Período],H$5,Tabela3[Curso],$A9)*100,""))) | I9: =IF(I$5="","",IF(COUNTIFS(Tabela3[Período],I$5,Tabela3[Curso],$A9)=0,"",IFERROR((SUMIFS(Tabela3[Promotores (9-10)],Tabela3[Período],I$5,Tabela3[Curso],$A9)-SUMIFS(Tabela3[Detratores (0-6)],Tabela3[Período],I$5,Tabela3[Curso],$A9))/SUMIFS(Tabela3[Respondentes],Tabela3[Período],I$5,Tabela3[Curso],$A9)*100,""))) | ... M9: =IF(M$5="","",IF(COUNTIFS(Tabela3[Período],M$5,Tabela3[Curso],$A9)=0,"",IFERROR((SUMIFS(Tabela3[Promotores (9-10)],Tabela3[Período],M$5,Tabela3[Curso],$A9)-SUMIFS(Tabela3[Detratores (0-6)],Tabela3[Período],M$5,Tabela3[Curso],$A9))/SUMIFS(Tabela3[Respondentes],Tabela3[Período],M$5,Tabela3[Curso],$A9)*100,""))) | N9: =IF(CALC!$N$37="","",IF(COUNTIFS(Tabela3[Período],CALC!$N$37,Tabela3[Curso],$A9)=0,"",IFERROR((SUMIFS(Tabela3[Promotores (9-10)],Tabela3[Período],CALC!$N$37,Tabela3[Curso],$A9)-SUMIFS(Tabela3[Detratores (0-6)],Tabela3[Período],CALC!$N$37,Tabela3[Curso],$A9))/SUMIFS(Tabela3[Respondentes],Tabela3[Período],CALC!$N$37,Tabela3[Curso],$A9)*100,""))) | O9: =IF(CALC!$O$37="","",IF(COUNTIFS(Tabela3[Período],CALC!$O$37,Tabela3[Curso],$A9)=0,"",IFERROR((SUMIFS(Tabela3[Promotores (9-10)],Tabela3[Período],CALC!$O$37,Tabela3[Curso],$A9)-SUMIFS(Tabela3[Detratores (0-6)],Tabela3[Período],CALC!$O$37,Tabela3[Curso],$A9))/SUMIFS(Tabela3[Respondentes],Tabela3[Período],CALC!$O$37,Tabela3[Curso],$A9)*100,""))) | P9: =IF(OR(N9="",O9=""),"",N9-O9) | Q9: =IFERROR(INDEX(CALC!$B$8:$B$17,MATCH($A9,CALC!$A$8:$A$17,0)),"") | R9: =IF(OR(N9="",Q9=""),"",IF(ROUND(N9,6)>=ROUND(Q9,6),"Dentro da meta",IF(AND(IFERROR(IFERROR(INDEX(CALC!$C$8:$C$17,MATCH($A9,CALC!$A$8:$A$17,0)),""),"")<>"",ROUND(N9,6)>=ROUND(IFERROR(IFERROR(INDEX(CALC!$C$8:$C$17,MATCH($A9,CALC!$A$8:$A$17,0)),""),""),6)),"Atenção","Fora da meta")))
A10: =CURSOS!$A$9 | B10: =IF(B$5="","",IF(COUNTIFS(Tabela3[Período],B$5,Tabela3[Curso],$A10)=0,"",IFERROR((SUMIFS(Tabela3[Promotores (9-10)],Tabela3[Período],B$5,Tabela3[Curso],$A10)-SUMIFS(Tabela3[Detratores (0-6)],Tabela3[Período],B$5,Tabela3[Curso],$A10))/SUMIFS(Tabela3[Respondentes],Tabela3[Período],B$5,Tabela3[Curso],$A10)*100,""))) | C10: =IF(C$5="","",IF(COUNTIFS(Tabela3[Período],C$5,Tabela3[Curso],$A10)=0,"",IFERROR((SUMIFS(Tabela3[Promotores (9-10)],Tabela3[Período],C$5,Tabela3[Curso],$A10)-SUMIFS(Tabela3[Detratores (0-6)],Tabela3[Período],C$5,Tabela3[Curso],$A10))/SUMIFS(Tabela3[Respondentes],Tabela3[Período],C$5,Tabela3[Curso],$A10)*100,""))) | D10: =IF(D$5="","",IF(COUNTIFS(Tabela3[Período],D$5,Tabela3[Curso],$A10)=0,"",IFERROR((SUMIFS(Tabela3[Promotores (9-10)],Tabela3[Período],D$5,Tabela3[Curso],$A10)-SUMIFS(Tabela3[Detratores (0-6)],Tabela3[Período],D$5,Tabela3[Curso],$A10))/SUMIFS(Tabela3[Respondentes],Tabela3[Período],D$5,Tabela3[Curso],$A10)*100,""))) | E10: =IF(E$5="","",IF(COUNTIFS(Tabela3[Período],E$5,Tabela3[Curso],$A10)=0,"",IFERROR((SUMIFS(Tabela3[Promotores (9-10)],Tabela3[Período],E$5,Tabela3[Curso],$A10)-SUMIFS(Tabela3[Detratores (0-6)],Tabela3[Período],E$5,Tabela3[Curso],$A10))/SUMIFS(Tabela3[Respondentes],Tabela3[Período],E$5,Tabela3[Curso],$A10)*100,""))) | F10: =IF(F$5="","",IF(COUNTIFS(Tabela3[Período],F$5,Tabela3[Curso],$A10)=0,"",IFERROR((SUMIFS(Tabela3[Promotores (9-10)],Tabela3[Período],F$5,Tabela3[Curso],$A10)-SUMIFS(Tabela3[Detratores (0-6)],Tabela3[Período],F$5,Tabela3[Curso],$A10))/SUMIFS(Tabela3[Respondentes],Tabela3[Período],F$5,Tabela3[Curso],$A10)*100,""))) | G10: =IF(G$5="","",IF(COUNTIFS(Tabela3[Período],G$5,Tabela3[Curso],$A10)=0,"",IFERROR((SUMIFS(Tabela3[Promotores (9-10)],Tabela3[Período],G$5,Tabela3[Curso],$A10)-SUMIFS(Tabela3[Detratores (0-6)],Tabela3[Período],G$5,Tabela3[Curso],$A10))/SUMIFS(Tabela3[Respondentes],Tabela3[Período],G$5,Tabela3[Curso],$A10)*100,""))) | H10: =IF(H$5="","",IF(COUNTIFS(Tabela3[Período],H$5,Tabela3[Curso],$A10)=0,"",IFERROR((SUMIFS(Tabela3[Promotores (9-10)],Tabela3[Período],H$5,Tabela3[Curso],$A10)-SUMIFS(Tabela3[Detratores (0-6)],Tabela3[Período],H$5,Tabela3[Curso],$A10))/SUMIFS(Tabela3[Respondentes],Tabela3[Período],H$5,Tabela3[Curso],$A10)*100,""))) | I10: =IF(I$5="","",IF(COUNTIFS(Tabela3[Período],I$5,Tabela3[Curso],$A10)=0,"",IFERROR((SUMIFS(Tabela3[Promotores (9-10)],Tabela3[Período],I$5,Tabela3[Curso],$A10)-SUMIFS(Tabela3[Detratores (0-6)],Tabela3[Período],I$5,Tabela3[Curso],$A10))/SUMIFS(Tabela3[Respondentes],Tabela3[Período],I$5,Tabela3[Curso],$A10)*100,""))) | ... M10: =IF(M$5="","",IF(COUNTIFS(Tabela3[Período],M$5,Tabela3[Curso],$A10)=0,"",IFERROR((SUMIFS(Tabela3[Promotores (9-10)],Tabela3[Período],M$5,Tabela3[Curso],$A10)-SUMIFS(Tabela3[Detratores (0-6)],Tabela3[Período],M$5,Tabela3[Curso],$A10))/SUMIFS(Tabela3[Respondentes],Tabela3[Período],M$5,Tabela3[Curso],$A10)*100,""))) | N10: =IF(CALC!$N$37="","",IF(COUNTIFS(Tabela3[Período],CALC!$N$37,Tabela3[Curso],$A10)=0,"",IFERROR((SUMIFS(Tabela3[Promotores (9-10)],Tabela3[Período],CALC!$N$37,Tabela3[Curso],$A10)-SUMIFS(Tabela3[Detratores (0-6)],Tabela3[Período],CALC!$N$37,Tabela3[Curso],$A10))/SUMIFS(Tabela3[Respondentes],Tabela3[Período],CALC!$N$37,Tabela3[Curso],$A10)*100,""))) | O10: =IF(CALC!$O$37="","",IF(COUNTIFS(Tabela3[Período],CALC!$O$37,Tabela3[Curso],$A10)=0,"",IFERROR((SUMIFS(Tabela3[Promotores (9-10)],Tabela3[Período],CALC!$O$37,Tabela3[Curso],$A10)-SUMIFS(Tabela3[Detratores (0-6)],Tabela3[Período],CALC!$O$37,Tabela3[Curso],$A10))/SUMIFS(Tabela3[Respondentes],Tabela3[Período],CALC!$O$37,Tabela3[Curso],$A10)*100,""))) | P10: =IF(OR(N10="",O10=""),"",N10-O10) | Q10: =IFERROR(INDEX(CALC!$B$8:$B$17,MATCH($A10,CALC!$A$8:$A$17,0)),"") | R10: =IF(OR(N10="",Q10=""),"",IF(ROUND(N10,6)>=ROUND(Q10,6),"Dentro da meta",IF(AND(IFERROR(IFERROR(INDEX(CALC!$C$8:$C$17,MATCH($A10,CALC!$A$8:$A$17,0)),""),"")<>"",ROUND(N10,6)>=ROUND(IFERROR(IFERROR(INDEX(CALC!$C$8:$C$17,MATCH($A10,CALC!$A$8:$A$17,0)),""),""),6)),"Atenção","Fora da meta")))
A11: =CURSOS!$A$10 | B11: =IF(B$5="","",IF(COUNTIFS(Tabela3[Período],B$5,Tabela3[Curso],$A11)=0,"",IFERROR((SUMIFS(Tabela3[Promotores (9-10)],Tabela3[Período],B$5,Tabela3[Curso],$A11)-SUMIFS(Tabela3[Detratores (0-6)],Tabela3[Período],B$5,Tabela3[Curso],$A11))/SUMIFS(Tabela3[Respondentes],Tabela3[Período],B$5,Tabela3[Curso],$A11)*100,""))) | C11: =IF(C$5="","",IF(COUNTIFS(Tabela3[Período],C$5,Tabela3[Curso],$A11)=0,"",IFERROR((SUMIFS(Tabela3[Promotores (9-10)],Tabela3[Período],C$5,Tabela3[Curso],$A11)-SUMIFS(Tabela3[Detratores (0-6)],Tabela3[Período],C$5,Tabela3[Curso],$A11))/SUMIFS(Tabela3[Respondentes],Tabela3[Período],C$5,Tabela3[Curso],$A11)*100,""))) | D11: =IF(D$5="","",IF(COUNTIFS(Tabela3[Período],D$5,Tabela3[Curso],$A11)=0,"",IFERROR((SUMIFS(Tabela3[Promotores (9-10)],Tabela3[Período],D$5,Tabela3[Curso],$A11)-SUMIFS(Tabela3[Detratores (0-6)],Tabela3[Período],D$5,Tabela3[Curso],$A11))/SUMIFS(Tabela3[Respondentes],Tabela3[Período],D$5,Tabela3[Curso],$A11)*100,""))) | E11: =IF(E$5="","",IF(COUNTIFS(Tabela3[Período],E$5,Tabela3[Curso],$A11)=0,"",IFERROR((SUMIFS(Tabela3[Promotores (9-10)],Tabela3[Período],E$5,Tabela3[Curso],$A11)-SUMIFS(Tabela3[Detratores (0-6)],Tabela3[Período],E$5,Tabela3[Curso],$A11))/SUMIFS(Tabela3[Respondentes],Tabela3[Período],E$5,Tabela3[Curso],$A11)*100,""))) | F11: =IF(F$5="","",IF(COUNTIFS(Tabela3[Período],F$5,Tabela3[Curso],$A11)=0,"",IFERROR((SUMIFS(Tabela3[Promotores (9-10)],Tabela3[Período],F$5,Tabela3[Curso],$A11)-SUMIFS(Tabela3[Detratores (0-6)],Tabela3[Período],F$5,Tabela3[Curso],$A11))/SUMIFS(Tabela3[Respondentes],Tabela3[Período],F$5,Tabela3[Curso],$A11)*100,""))) | G11: =IF(G$5="","",IF(COUNTIFS(Tabela3[Período],G$5,Tabela3[Curso],$A11)=0,"",IFERROR((SUMIFS(Tabela3[Promotores (9-10)],Tabela3[Período],G$5,Tabela3[Curso],$A11)-SUMIFS(Tabela3[Detratores (0-6)],Tabela3[Período],G$5,Tabela3[Curso],$A11))/SUMIFS(Tabela3[Respondentes],Tabela3[Período],G$5,Tabela3[Curso],$A11)*100,""))) | H11: =IF(H$5="","",IF(COUNTIFS(Tabela3[Período],H$5,Tabela3[Curso],$A11)=0,"",IFERROR((SUMIFS(Tabela3[Promotores (9-10)],Tabela3[Período],H$5,Tabela3[Curso],$A11)-SUMIFS(Tabela3[Detratores (0-6)],Tabela3[Período],H$5,Tabela3[Curso],$A11))/SUMIFS(Tabela3[Respondentes],Tabela3[Período],H$5,Tabela3[Curso],$A11)*100,""))) | I11: =IF(I$5="","",IF(COUNTIFS(Tabela3[Período],I$5,Tabela3[Curso],$A11)=0,"",IFERROR((SUMIFS(Tabela3[Promotores (9-10)],Tabela3[Período],I$5,Tabela3[Curso],$A11)-SUMIFS(Tabela3[Detratores (0-6)],Tabela3[Período],I$5,Tabela3[Curso],$A11))/SUMIFS(Tabela3[Respondentes],Tabela3[Período],I$5,Tabela3[Curso],$A11)*100,""))) | ... M11: =IF(M$5="","",IF(COUNTIFS(Tabela3[Período],M$5,Tabela3[Curso],$A11)=0,"",IFERROR((SUMIFS(Tabela3[Promotores (9-10)],Tabela3[Período],M$5,Tabela3[Curso],$A11)-SUMIFS(Tabela3[Detratores (0-6)],Tabela3[Período],M$5,Tabela3[Curso],$A11))/SUMIFS(Tabela3[Respondentes],Tabela3[Período],M$5,Tabela3[Curso],$A11)*100,""))) | N11: =IF(CALC!$N$37="","",IF(COUNTIFS(Tabela3[Período],CALC!$N$37,Tabela3[Curso],$A11)=0,"",IFERROR((SUMIFS(Tabela3[Promotores (9-10)],Tabela3[Período],CALC!$N$37,Tabela3[Curso],$A11)-SUMIFS(Tabela3[Detratores (0-6)],Tabela3[Período],CALC!$N$37,Tabela3[Curso],$A11))/SUMIFS(Tabela3[Respondentes],Tabela3[Período],CALC!$N$37,Tabela3[Curso],$A11)*100,""))) | O11: =IF(CALC!$O$37="","",IF(COUNTIFS(Tabela3[Período],CALC!$O$37,Tabela3[Curso],$A11)=0,"",IFERROR((SUMIFS(Tabela3[Promotores (9-10)],Tabela3[Período],CALC!$O$37,Tabela3[Curso],$A11)-SUMIFS(Tabela3[Detratores (0-6)],Tabela3[Período],CALC!$O$37,Tabela3[Curso],$A11))/SUMIFS(Tabela3[Respondentes],Tabela3[Período],CALC!$O$37,Tabela3[Curso],$A11)*100,""))) | P11: =IF(OR(N11="",O11=""),"",N11-O11) | Q11: =IFERROR(INDEX(CALC!$B$8:$B$17,MATCH($A11,CALC!$A$8:$A$17,0)),"") | R11: =IF(OR(N11="",Q11=""),"",IF(ROUND(N11,6)>=ROUND(Q11,6),"Dentro da meta",IF(AND(IFERROR(IFERROR(INDEX(CALC!$C$8:$C$17,MATCH($A11,CALC!$A$8:$A$17,0)),""),"")<>"",ROUND(N11,6)>=ROUND(IFERROR(IFERROR(INDEX(CALC!$C$8:$C$17,MATCH($A11,CALC!$A$8:$A$17,0)),""),""),6)),"Atenção","Fora da meta")))
A12: =CURSOS!$A$11 | B12: =IF(B$5="","",IF(COUNTIFS(Tabela3[Período],B$5,Tabela3[Curso],$A12)=0,"",IFERROR((SUMIFS(Tabela3[Promotores (9-10)],Tabela3[Período],B$5,Tabela3[Curso],$A12)-SUMIFS(Tabela3[Detratores (0-6)],Tabela3[Período],B$5,Tabela3[Curso],$A12))/SUMIFS(Tabela3[Respondentes],Tabela3[Período],B$5,Tabela3[Curso],$A12)*100,""))) | C12: =IF(C$5="","",IF(COUNTIFS(Tabela3[Período],C$5,Tabela3[Curso],$A12)=0,"",IFERROR((SUMIFS(Tabela3[Promotores (9-10)],Tabela3[Período],C$5,Tabela3[Curso],$A12)-SUMIFS(Tabela3[Detratores (0-6)],Tabela3[Período],C$5,Tabela3[Curso],$A12))/SUMIFS(Tabela3[Respondentes],Tabela3[Período],C$5,Tabela3[Curso],$A12)*100,""))) | D12: =IF(D$5="","",IF(COUNTIFS(Tabela3[Período],D$5,Tabela3[Curso],$A12)=0,"",IFERROR((SUMIFS(Tabela3[Promotores (9-10)],Tabela3[Período],D$5,Tabela3[Curso],$A12)-SUMIFS(Tabela3[Detratores (0-6)],Tabela3[Período],D$5,Tabela3[Curso],$A12))/SUMIFS(Tabela3[Respondentes],Tabela3[Período],D$5,Tabela3[Curso],$A12)*100,""))) | E12: =IF(E$5="","",IF(COUNTIFS(Tabela3[Período],E$5,Tabela3[Curso],$A12)=0,"",IFERROR((SUMIFS(Tabela3[Promotores (9-10)],Tabela3[Período],E$5,Tabela3[Curso],$A12)-SUMIFS(Tabela3[Detratores (0-6)],Tabela3[Período],E$5,Tabela3[Curso],$A12))/SUMIFS(Tabela3[Respondentes],Tabela3[Período],E$5,Tabela3[Curso],$A12)*100,""))) | F12: =IF(F$5="","",IF(COUNTIFS(Tabela3[Período],F$5,Tabela3[Curso],$A12)=0,"",IFERROR((SUMIFS(Tabela3[Promotores (9-10)],Tabela3[Período],F$5,Tabela3[Curso],$A12)-SUMIFS(Tabela3[Detratores (0-6)],Tabela3[Período],F$5,Tabela3[Curso],$A12))/SUMIFS(Tabela3[Respondentes],Tabela3[Período],F$5,Tabela3[Curso],$A12)*100,""))) | G12: =IF(G$5="","",IF(COUNTIFS(Tabela3[Período],G$5,Tabela3[Curso],$A12)=0,"",IFERROR((SUMIFS(Tabela3[Promotores (9-10)],Tabela3[Período],G$5,Tabela3[Curso],$A12)-SUMIFS(Tabela3[Detratores (0-6)],Tabela3[Período],G$5,Tabela3[Curso],$A12))/SUMIFS(Tabela3[Respondentes],Tabela3[Período],G$5,Tabela3[Curso],$A12)*100,""))) | H12: =IF(H$5="","",IF(COUNTIFS(Tabela3[Período],H$5,Tabela3[Curso],$A12)=0,"",IFERROR((SUMIFS(Tabela3[Promotores (9-10)],Tabela3[Período],H$5,Tabela3[Curso],$A12)-SUMIFS(Tabela3[Detratores (0-6)],Tabela3[Período],H$5,Tabela3[Curso],$A12))/SUMIFS(Tabela3[Respondentes],Tabela3[Período],H$5,Tabela3[Curso],$A12)*100,""))) | I12: =IF(I$5="","",IF(COUNTIFS(Tabela3[Período],I$5,Tabela3[Curso],$A12)=0,"",IFERROR((SUMIFS(Tabela3[Promotores (9-10)],Tabela3[Período],I$5,Tabela3[Curso],$A12)-SUMIFS(Tabela3[Detratores (0-6)],Tabela3[Período],I$5,Tabela3[Curso],$A12))/SUMIFS(Tabela3[Respondentes],Tabela3[Período],I$5,Tabela3[Curso],$A12)*100,""))) | ... M12: =IF(M$5="","",IF(COUNTIFS(Tabela3[Período],M$5,Tabela3[Curso],$A12)=0,"",IFERROR((SUMIFS(Tabela3[Promotores (9-10)],Tabela3[Período],M$5,Tabela3[Curso],$A12)-SUMIFS(Tabela3[Detratores (0-6)],Tabela3[Período],M$5,Tabela3[Curso],$A12))/SUMIFS(Tabela3[Respondentes],Tabela3[Período],M$5,Tabela3[Curso],$A12)*100,""))) | N12: =IF(CALC!$N$37="","",IF(COUNTIFS(Tabela3[Período],CALC!$N$37,Tabela3[Curso],$A12)=0,"",IFERROR((SUMIFS(Tabela3[Promotores (9-10)],Tabela3[Período],CALC!$N$37,Tabela3[Curso],$A12)-SUMIFS(Tabela3[Detratores (0-6)],Tabela3[Período],CALC!$N$37,Tabela3[Curso],$A12))/SUMIFS(Tabela3[Respondentes],Tabela3[Período],CALC!$N$37,Tabela3[Curso],$A12)*100,""))) | O12: =IF(CALC!$O$37="","",IF(COUNTIFS(Tabela3[Período],CALC!$O$37,Tabela3[Curso],$A12)=0,"",IFERROR((SUMIFS(Tabela3[Promotores (9-10)],Tabela3[Período],CALC!$O$37,Tabela3[Curso],$A12)-SUMIFS(Tabela3[Detratores (0-6)],Tabela3[Período],CALC!$O$37,Tabela3[Curso],$A12))/SUMIFS(Tabela3[Respondentes],Tabela3[Período],CALC!$O$37,Tabela3[Curso],$A12)*100,""))) | P12: =IF(OR(N12="",O12=""),"",N12-O12) | Q12: =IFERROR(INDEX(CALC!$B$8:$B$17,MATCH($A12,CALC!$A$8:$A$17,0)),"") | R12: =IF(OR(N12="",Q12=""),"",IF(ROUND(N12,6)>=ROUND(Q12,6),"Dentro da meta",IF(AND(IFERROR(IFERROR(INDEX(CALC!$C$8:$C$17,MATCH($A12,CALC!$A$8:$A$17,0)),""),"")<>"",ROUND(N12,6)>=ROUND(IFERROR(IFERROR(INDEX(CALC!$C$8:$C$17,MATCH($A12,CALC!$A$8:$A$17,0)),""),""),6)),"Atenção","Fora da meta")))
A13: =CURSOS!$A$12 | B13: =IF(B$5="","",IF(COUNTIFS(Tabela3[Período],B$5,Tabela3[Curso],$A13)=0,"",IFERROR((SUMIFS(Tabela3[Promotores (9-10)],Tabela3[Período],B$5,Tabela3[Curso],$A13)-SUMIFS(Tabela3[Detratores (0-6)],Tabela3[Período],B$5,Tabela3[Curso],$A13))/SUMIFS(Tabela3[Respondentes],Tabela3[Período],B$5,Tabela3[Curso],$A13)*100,""))) | C13: =IF(C$5="","",IF(COUNTIFS(Tabela3[Período],C$5,Tabela3[Curso],$A13)=0,"",IFERROR((SUMIFS(Tabela3[Promotores (9-10)],Tabela3[Período],C$5,Tabela3[Curso],$A13)-SUMIFS(Tabela3[Detratores (0-6)],Tabela3[Período],C$5,Tabela3[Curso],$A13))/SUMIFS(Tabela3[Respondentes],Tabela3[Período],C$5,Tabela3[Curso],$A13)*100,""))) | D13: =IF(D$5="","",IF(COUNTIFS(Tabela3[Período],D$5,Tabela3[Curso],$A13)=0,"",IFERROR((SUMIFS(Tabela3[Promotores (9-10)],Tabela3[Período],D$5,Tabela3[Curso],$A13)-SUMIFS(Tabela3[Detratores (0-6)],Tabela3[Período],D$5,Tabela3[Curso],$A13))/SUMIFS(Tabela3[Respondentes],Tabela3[Período],D$5,Tabela3[Curso],$A13)*100,""))) | E13: =IF(E$5="","",IF(COUNTIFS(Tabela3[Período],E$5,Tabela3[Curso],$A13)=0,"",IFERROR((SUMIFS(Tabela3[Promotores (9-10)],Tabela3[Período],E$5,Tabela3[Curso],$A13)-SUMIFS(Tabela3[Detratores (0-6)],Tabela3[Período],E$5,Tabela3[Curso],$A13))/SUMIFS(Tabela3[Respondentes],Tabela3[Período],E$5,Tabela3[Curso],$A13)*100,""))) | F13: =IF(F$5="","",IF(COUNTIFS(Tabela3[Período],F$5,Tabela3[Curso],$A13)=0,"",IFERROR((SUMIFS(Tabela3[Promotores (9-10)],Tabela3[Período],F$5,Tabela3[Curso],$A13)-SUMIFS(Tabela3[Detratores (0-6)],Tabela3[Período],F$5,Tabela3[Curso],$A13))/SUMIFS(Tabela3[Respondentes],Tabela3[Período],F$5,Tabela3[Curso],$A13)*100,""))) | G13: =IF(G$5="","",IF(COUNTIFS(Tabela3[Período],G$5,Tabela3[Curso],$A13)=0,"",IFERROR((SUMIFS(Tabela3[Promotores (9-10)],Tabela3[Período],G$5,Tabela3[Curso],$A13)-SUMIFS(Tabela3[Detratores (0-6)],Tabela3[Período],G$5,Tabela3[Curso],$A13))/SUMIFS(Tabela3[Respondentes],Tabela3[Período],G$5,Tabela3[Curso],$A13)*100,""))) | H13: =IF(H$5="","",IF(COUNTIFS(Tabela3[Período],H$5,Tabela3[Curso],$A13)=0,"",IFERROR((SUMIFS(Tabela3[Promotores (9-10)],Tabela3[Período],H$5,Tabela3[Curso],$A13)-SUMIFS(Tabela3[Detratores (0-6)],Tabela3[Período],H$5,Tabela3[Curso],$A13))/SUMIFS(Tabela3[Respondentes],Tabela3[Período],H$5,Tabela3[Curso],$A13)*100,""))) | I13: =IF(I$5="","",IF(COUNTIFS(Tabela3[Período],I$5,Tabela3[Curso],$A13)=0,"",IFERROR((SUMIFS(Tabela3[Promotores (9-10)],Tabela3[Período],I$5,Tabela3[Curso],$A13)-SUMIFS(Tabela3[Detratores (0-6)],Tabela3[Período],I$5,Tabela3[Curso],$A13))/SUMIFS(Tabela3[Respondentes],Tabela3[Período],I$5,Tabela3[Curso],$A13)*100,""))) | ... M13: =IF(M$5="","",IF(COUNTIFS(Tabela3[Período],M$5,Tabela3[Curso],$A13)=0,"",IFERROR((SUMIFS(Tabela3[Promotores (9-10)],Tabela3[Período],M$5,Tabela3[Curso],$A13)-SUMIFS(Tabela3[Detratores (0-6)],Tabela3[Período],M$5,Tabela3[Curso],$A13))/SUMIFS(Tabela3[Respondentes],Tabela3[Período],M$5,Tabela3[Curso],$A13)*100,""))) | N13: =IF(CALC!$N$37="","",IF(COUNTIFS(Tabela3[Período],CALC!$N$37,Tabela3[Curso],$A13)=0,"",IFERROR((SUMIFS(Tabela3[Promotores (9-10)],Tabela3[Período],CALC!$N$37,Tabela3[Curso],$A13)-SUMIFS(Tabela3[Detratores (0-6)],Tabela3[Período],CALC!$N$37,Tabela3[Curso],$A13))/SUMIFS(Tabela3[Respondentes],Tabela3[Período],CALC!$N$37,Tabela3[Curso],$A13)*100,""))) | O13: =IF(CALC!$O$37="","",IF(COUNTIFS(Tabela3[Período],CALC!$O$37,Tabela3[Curso],$A13)=0,"",IFERROR((SUMIFS(Tabela3[Promotores (9-10)],Tabela3[Período],CALC!$O$37,Tabela3[Curso],$A13)-SUMIFS(Tabela3[Detratores (0-6)],Tabela3[Período],CALC!$O$37,Tabela3[Curso],$A13))/SUMIFS(Tabela3[Respondentes],Tabela3[Período],CALC!$O$37,Tabela3[Curso],$A13)*100,""))) | P13: =IF(OR(N13="",O13=""),"",N13-O13) | Q13: =IFERROR(INDEX(CALC!$B$8:$B$17,MATCH($A13,CALC!$A$8:$A$17,0)),"") | R13: =IF(OR(N13="",Q13=""),"",IF(ROUND(N13,6)>=ROUND(Q13,6),"Dentro da meta",IF(AND(IFERROR(IFERROR(INDEX(CALC!$C$8:$C$17,MATCH($A13,CALC!$A$8:$A$17,0)),""),"")<>"",ROUND(N13,6)>=ROUND(IFERROR(IFERROR(INDEX(CALC!$C$8:$C$17,MATCH($A13,CALC!$A$8:$A$17,0)),""),""),6)),"Atenção","Fora da meta")))
A14: =CURSOS!$A$13 | B14: =IF(B$5="","",IF(COUNTIFS(Tabela3[Período],B$5,Tabela3[Curso],$A14)=0,"",IFERROR((SUMIFS(Tabela3[Promotores (9-10)],Tabela3[Período],B$5,Tabela3[Curso],$A14)-SUMIFS(Tabela3[Detratores (0-6)],Tabela3[Período],B$5,Tabela3[Curso],$A14))/SUMIFS(Tabela3[Respondentes],Tabela3[Período],B$5,Tabela3[Curso],$A14)*100,""))) | C14: =IF(C$5="","",IF(COUNTIFS(Tabela3[Período],C$5,Tabela3[Curso],$A14)=0,"",IFERROR((SUMIFS(Tabela3[Promotores (9-10)],Tabela3[Período],C$5,Tabela3[Curso],$A14)-SUMIFS(Tabela3[Detratores (0-6)],Tabela3[Período],C$5,Tabela3[Curso],$A14))/SUMIFS(Tabela3[Respondentes],Tabela3[Período],C$5,Tabela3[Curso],$A14)*100,""))) | D14: =IF(D$5="","",IF(COUNTIFS(Tabela3[Período],D$5,Tabela3[Curso],$A14)=0,"",IFERROR((SUMIFS(Tabela3[Promotores (9-10)],Tabela3[Período],D$5,Tabela3[Curso],$A14)-SUMIFS(Tabela3[Detratores (0-6)],Tabela3[Período],D$5,Tabela3[Curso],$A14))/SUMIFS(Tabela3[Respondentes],Tabela3[Período],D$5,Tabela3[Curso],$A14)*100,""))) | E14: =IF(E$5="","",IF(COUNTIFS(Tabela3[Período],E$5,Tabela3[Curso],$A14)=0,"",IFERROR((SUMIFS(Tabela3[Promotores (9-10)],Tabela3[Período],E$5,Tabela3[Curso],$A14)-SUMIFS(Tabela3[Detratores (0-6)],Tabela3[Período],E$5,Tabela3[Curso],$A14))/SUMIFS(Tabela3[Respondentes],Tabela3[Período],E$5,Tabela3[Curso],$A14)*100,""))) | F14: =IF(F$5="","",IF(COUNTIFS(Tabela3[Período],F$5,Tabela3[Curso],$A14)=0,"",IFERROR((SUMIFS(Tabela3[Promotores (9-10)],Tabela3[Período],F$5,Tabela3[Curso],$A14)-SUMIFS(Tabela3[Detratores (0-6)],Tabela3[Período],F$5,Tabela3[Curso],$A14))/SUMIFS(Tabela3[Respondentes],Tabela3[Período],F$5,Tabela3[Curso],$A14)*100,""))) | G14: =IF(G$5="","",IF(COUNTIFS(Tabela3[Período],G$5,Tabela3[Curso],$A14)=0,"",IFERROR((SUMIFS(Tabela3[Promotores (9-10)],Tabela3[Período],G$5,Tabela3[Curso],$A14)-SUMIFS(Tabela3[Detratores (0-6)],Tabela3[Período],G$5,Tabela3[Curso],$A14))/SUMIFS(Tabela3[Respondentes],Tabela3[Período],G$5,Tabela3[Curso],$A14)*100,""))) | H14: =IF(H$5="","",IF(COUNTIFS(Tabela3[Período],H$5,Tabela3[Curso],$A14)=0,"",IFERROR((SUMIFS(Tabela3[Promotores (9-10)],Tabela3[Período],H$5,Tabela3[Curso],$A14)-SUMIFS(Tabela3[Detratores (0-6)],Tabela3[Período],H$5,Tabela3[Curso],$A14))/SUMIFS(Tabela3[Respondentes],Tabela3[Período],H$5,Tabela3[Curso],$A14)*100,""))) | I14: =IF(I$5="","",IF(COUNTIFS(Tabela3[Período],I$5,Tabela3[Curso],$A14)=0,"",IFERROR((SUMIFS(Tabela3[Promotores (9-10)],Tabela3[Período],I$5,Tabela3[Curso],$A14)-SUMIFS(Tabela3[Detratores (0-6)],Tabela3[Período],I$5,Tabela3[Curso],$A14))/SUMIFS(Tabela3[Respondentes],Tabela3[Período],I$5,Tabela3[Curso],$A14)*100,""))) | ... M14: =IF(M$5="","",IF(COUNTIFS(Tabela3[Período],M$5,Tabela3[Curso],$A14)=0,"",IFERROR((SUMIFS(Tabela3[Promotores (9-10)],Tabela3[Período],M$5,Tabela3[Curso],$A14)-SUMIFS(Tabela3[Detratores (0-6)],Tabela3[Período],M$5,Tabela3[Curso],$A14))/SUMIFS(Tabela3[Respondentes],Tabela3[Período],M$5,Tabela3[Curso],$A14)*100,""))) | N14: =IF(CALC!$N$37="","",IF(COUNTIFS(Tabela3[Período],CALC!$N$37,Tabela3[Curso],$A14)=0,"",IFERROR((SUMIFS(Tabela3[Promotores (9-10)],Tabela3[Período],CALC!$N$37,Tabela3[Curso],$A14)-SUMIFS(Tabela3[Detratores (0-6)],Tabela3[Período],CALC!$N$37,Tabela3[Curso],$A14))/SUMIFS(Tabela3[Respondentes],Tabela3[Período],CALC!$N$37,Tabela3[Curso],$A14)*100,""))) | O14: =IF(CALC!$O$37="","",IF(COUNTIFS(Tabela3[Período],CALC!$O$37,Tabela3[Curso],$A14)=0,"",IFERROR((SUMIFS(Tabela3[Promotores (9-10)],Tabela3[Período],CALC!$O$37,Tabela3[Curso],$A14)-SUMIFS(Tabela3[Detratores (0-6)],Tabela3[Período],CALC!$O$37,Tabela3[Curso],$A14))/SUMIFS(Tabela3[Respondentes],Tabela3[Período],CALC!$O$37,Tabela3[Curso],$A14)*100,""))) | P14: =IF(OR(N14="",O14=""),"",N14-O14) | Q14: =IFERROR(INDEX(CALC!$B$8:$B$17,MATCH($A14,CALC!$A$8:$A$17,0)),"") | R14: =IF(OR(N14="",Q14=""),"",IF(ROUND(N14,6)>=ROUND(Q14,6),"Dentro da meta",IF(AND(IFERROR(IFERROR(INDEX(CALC!$C$8:$C$17,MATCH($A14,CALC!$A$8:$A$17,0)),""),"")<>"",ROUND(N14,6)>=ROUND(IFERROR(IFERROR(INDEX(CALC!$C$8:$C$17,MATCH($A14,CALC!$A$8:$A$17,0)),""),""),6)),"Atenção","Fora da meta")))
A17: DTNH-02 — Matrículas Ativas por Curso
A18: Curso | B18: =CALC!$B$55 | C18: =CALC!$B$56 | D18: =CALC!$B$57 | E18: =CALC!$B$58 | F18: =CALC!$B$59 | G18: =CALC!$B$60 | H18: =CALC!$B$61 | I18: =CALC!$B$62 | J18: =CALC!$B$63 | K18: =CALC!$B$64 | L18: =CALC!$B$65 | M18: =CALC!$B$66 | N18: Referência | O18: Comparação | P18: Variação | Q18: Meta | R18: Status
A19: =CURSOS!$A$5 | B19: =IF(B$18="","",IF(COUNTIFS(Tabela36[Período],B$18,Tabela36[Curso],$A19)=0,"",IFERROR(SUMIFS(Tabela36[Matrículas Ativas],Tabela36[Período],B$18,Tabela36[Curso],$A19),""))) | C19: =IF(C$18="","",IF(COUNTIFS(Tabela36[Período],C$18,Tabela36[Curso],$A19)=0,"",IFERROR(SUMIFS(Tabela36[Matrículas Ativas],Tabela36[Período],C$18,Tabela36[Curso],$A19),""))) | D19: =IF(D$18="","",IF(COUNTIFS(Tabela36[Período],D$18,Tabela36[Curso],$A19)=0,"",IFERROR(SUMIFS(Tabela36[Matrículas Ativas],Tabela36[Período],D$18,Tabela36[Curso],$A19),""))) | E19: =IF(E$18="","",IF(COUNTIFS(Tabela36[Período],E$18,Tabela36[Curso],$A19)=0,"",IFERROR(SUMIFS(Tabela36[Matrículas Ativas],Tabela36[Período],E$18,Tabela36[Curso],$A19),""))) | F19: =IF(F$18="","",IF(COUNTIFS(Tabela36[Período],F$18,Tabela36[Curso],$A19)=0,"",IFERROR(SUMIFS(Tabela36[Matrículas Ativas],Tabela36[Período],F$18,Tabela36[Curso],$A19),""))) | G19: =IF(G$18="","",IF(COUNTIFS(Tabela36[Período],G$18,Tabela36[Curso],$A19)=0,"",IFERROR(SUMIFS(Tabela36[Matrículas Ativas],Tabela36[Período],G$18,Tabela36[Curso],$A19),""))) | H19: =IF(H$18="","",IF(COUNTIFS(Tabela36[Período],H$18,Tabela36[Curso],$A19)=0,"",IFERROR(SUMIFS(Tabela36[Matrículas Ativas],Tabela36[Período],H$18,Tabela36[Curso],$A19),""))) | I19: =IF(I$18="","",IF(COUNTIFS(Tabela36[Período],I$18,Tabela36[Curso],$A19)=0,"",IFERROR(SUMIFS(Tabela36[Matrículas Ativas],Tabela36[Período],I$18,Tabela36[Curso],$A19),""))) | ... M19: =IF(M$18="","",IF(COUNTIFS(Tabela36[Período],M$18,Tabela36[Curso],$A19)=0,"",IFERROR(SUMIFS(Tabela36[Matrículas Ativas],Tabela36[Período],M$18,Tabela36[Curso],$A19),""))) | N19: =IF(CALC!$N$70="","",IF(COUNTIFS(Tabela36[Período],CALC!$N$70,Tabela36[Curso],$A19)=0,"",IFERROR(SUMIFS(Tabela36[Matrículas Ativas],Tabela36[Período],CALC!$N$70,Tabela36[Curso],$A19),""))) | O19: =IF(CALC!$O$70="","",IF(COUNTIFS(Tabela36[Período],CALC!$O$70,Tabela36[Curso],$A19)=0,"",IFERROR(SUMIFS(Tabela36[Matrículas Ativas],Tabela36[Período],CALC!$O$70,Tabela36[Curso],$A19),""))) | P19: =IFERROR(N19/O19-1,"") | Q19: =IFERROR(INDEX(CALC!$D$8:$D$17,MATCH($A19,CALC!$A$8:$A$17,0)),"") | R19: =IF(OR(N19="",O19="",O19=0,Q19=""),"",IF(ROUND(N19/O19-1,6)>=ROUND(Q19,6),"Dentro da meta",IF(AND(IFERROR(IFERROR(INDEX(CALC!$E$8:$E$17,MATCH($A19,CALC!$A$8:$A$17,0)),""),"")<>"",ROUND(N19/O19-1,6)>=ROUND(IFERROR(IFERROR(INDEX(CALC!$E$8:$E$17,MATCH($A19,CALC!$A$8:$A$17,0)),""),""),6)),"Atenção","Fora da meta")))
A20: =CURSOS!$A$6 | B20: =IF(B$18="","",IF(COUNTIFS(Tabela36[Período],B$18,Tabela36[Curso],$A20)=0,"",IFERROR(SUMIFS(Tabela36[Matrículas Ativas],Tabela36[Período],B$18,Tabela36[Curso],$A20),""))) | C20: =IF(C$18="","",IF(COUNTIFS(Tabela36[Período],C$18,Tabela36[Curso],$A20)=0,"",IFERROR(SUMIFS(Tabela36[Matrículas Ativas],Tabela36[Período],C$18,Tabela36[Curso],$A20),""))) | D20: =IF(D$18="","",IF(COUNTIFS(Tabela36[Período],D$18,Tabela36[Curso],$A20)=0,"",IFERROR(SUMIFS(Tabela36[Matrículas Ativas],Tabela36[Período],D$18,Tabela36[Curso],$A20),""))) | E20: =IF(E$18="","",IF(COUNTIFS(Tabela36[Período],E$18,Tabela36[Curso],$A20)=0,"",IFERROR(SUMIFS(Tabela36[Matrículas Ativas],Tabela36[Período],E$18,Tabela36[Curso],$A20),""))) | F20: =IF(F$18="","",IF(COUNTIFS(Tabela36[Período],F$18,Tabela36[Curso],$A20)=0,"",IFERROR(SUMIFS(Tabela36[Matrículas Ativas],Tabela36[Período],F$18,Tabela36[Curso],$A20),""))) | G20: =IF(G$18="","",IF(COUNTIFS(Tabela36[Período],G$18,Tabela36[Curso],$A20)=0,"",IFERROR(SUMIFS(Tabela36[Matrículas Ativas],Tabela36[Período],G$18,Tabela36[Curso],$A20),""))) | H20: =IF(H$18="","",IF(COUNTIFS(Tabela36[Período],H$18,Tabela36[Curso],$A20)=0,"",IFERROR(SUMIFS(Tabela36[Matrículas Ativas],Tabela36[Período],H$18,Tabela36[Curso],$A20),""))) | I20: =IF(I$18="","",IF(COUNTIFS(Tabela36[Período],I$18,Tabela36[Curso],$A20)=0,"",IFERROR(SUMIFS(Tabela36[Matrículas Ativas],Tabela36[Período],I$18,Tabela36[Curso],$A20),""))) | ... M20: =IF(M$18="","",IF(COUNTIFS(Tabela36[Período],M$18,Tabela36[Curso],$A20)=0,"",IFERROR(SUMIFS(Tabela36[Matrículas Ativas],Tabela36[Período],M$18,Tabela36[Curso],$A20),""))) | N20: =IF(CALC!$N$70="","",IF(COUNTIFS(Tabela36[Período],CALC!$N$70,Tabela36[Curso],$A20)=0,"",IFERROR(SUMIFS(Tabela36[Matrículas Ativas],Tabela36[Período],CALC!$N$70,Tabela36[Curso],$A20),""))) | O20: =IF(CALC!$O$70="","",IF(COUNTIFS(Tabela36[Período],CALC!$O$70,Tabela36[Curso],$A20)=0,"",IFERROR(SUMIFS(Tabela36[Matrículas Ativas],Tabela36[Período],CALC!$O$70,Tabela36[Curso],$A20),""))) | P20: =IFERROR(N20/O20-1,"") | Q20: =IFERROR(INDEX(CALC!$D$8:$D$17,MATCH($A20,CALC!$A$8:$A$17,0)),"") | R20: =IF(OR(N20="",O20="",O20=0,Q20=""),"",IF(ROUND(N20/O20-1,6)>=ROUND(Q20,6),"Dentro da meta",IF(AND(IFERROR(IFERROR(INDEX(CALC!$E$8:$E$17,MATCH($A20,CALC!$A$8:$A$17,0)),""),"")<>"",ROUND(N20/O20-1,6)>=ROUND(IFERROR(IFERROR(INDEX(CALC!$E$8:$E$17,MATCH($A20,CALC!$A$8:$A$17,0)),""),""),6)),"Atenção","Fora da meta")))
A21: =CURSOS!$A$7 | B21: =IF(B$18="","",IF(COUNTIFS(Tabela36[Período],B$18,Tabela36[Curso],$A21)=0,"",IFERROR(SUMIFS(Tabela36[Matrículas Ativas],Tabela36[Período],B$18,Tabela36[Curso],$A21),""))) | C21: =IF(C$18="","",IF(COUNTIFS(Tabela36[Período],C$18,Tabela36[Curso],$A21)=0,"",IFERROR(SUMIFS(Tabela36[Matrículas Ativas],Tabela36[Período],C$18,Tabela36[Curso],$A21),""))) | D21: =IF(D$18="","",IF(COUNTIFS(Tabela36[Período],D$18,Tabela36[Curso],$A21)=0,"",IFERROR(SUMIFS(Tabela36[Matrículas Ativas],Tabela36[Período],D$18,Tabela36[Curso],$A21),""))) | E21: =IF(E$18="","",IF(COUNTIFS(Tabela36[Período],E$18,Tabela36[Curso],$A21)=0,"",IFERROR(SUMIFS(Tabela36[Matrículas Ativas],Tabela36[Período],E$18,Tabela36[Curso],$A21),""))) | F21: =IF(F$18="","",IF(COUNTIFS(Tabela36[Período],F$18,Tabela36[Curso],$A21)=0,"",IFERROR(SUMIFS(Tabela36[Matrículas Ativas],Tabela36[Período],F$18,Tabela36[Curso],$A21),""))) | G21: =IF(G$18="","",IF(COUNTIFS(Tabela36[Período],G$18,Tabela36[Curso],$A21)=0,"",IFERROR(SUMIFS(Tabela36[Matrículas Ativas],Tabela36[Período],G$18,Tabela36[Curso],$A21),""))) | H21: =IF(H$18="","",IF(COUNTIFS(Tabela36[Período],H$18,Tabela36[Curso],$A21)=0,"",IFERROR(SUMIFS(Tabela36[Matrículas Ativas],Tabela36[Período],H$18,Tabela36[Curso],$A21),""))) | I21: =IF(I$18="","",IF(COUNTIFS(Tabela36[Período],I$18,Tabela36[Curso],$A21)=0,"",IFERROR(SUMIFS(Tabela36[Matrículas Ativas],Tabela36[Período],I$18,Tabela36[Curso],$A21),""))) | ... M21: =IF(M$18="","",IF(COUNTIFS(Tabela36[Período],M$18,Tabela36[Curso],$A21)=0,"",IFERROR(SUMIFS(Tabela36[Matrículas Ativas],Tabela36[Período],M$18,Tabela36[Curso],$A21),""))) | N21: =IF(CALC!$N$70="","",IF(COUNTIFS(Tabela36[Período],CALC!$N$70,Tabela36[Curso],$A21)=0,"",IFERROR(SUMIFS(Tabela36[Matrículas Ativas],Tabela36[Período],CALC!$N$70,Tabela36[Curso],$A21),""))) | O21: =IF(CALC!$O$70="","",IF(COUNTIFS(Tabela36[Período],CALC!$O$70,Tabela36[Curso],$A21)=0,"",IFERROR(SUMIFS(Tabela36[Matrículas Ativas],Tabela36[Período],CALC!$O$70,Tabela36[Curso],$A21),""))) | P21: =IFERROR(N21/O21-1,"") | Q21: =IFERROR(INDEX(CALC!$D$8:$D$17,MATCH($A21,CALC!$A$8:$A$17,0)),"") | R21: =IF(OR(N21="",O21="",O21=0,Q21=""),"",IF(ROUND(N21/O21-1,6)>=ROUND(Q21,6),"Dentro da meta",IF(AND(IFERROR(IFERROR(INDEX(CALC!$E$8:$E$17,MATCH($A21,CALC!$A$8:$A$17,0)),""),"")<>"",ROUND(N21/O21-1,6)>=ROUND(IFERROR(IFERROR(INDEX(CALC!$E$8:$E$17,MATCH($A21,CALC!$A$8:$A$17,0)),""),""),6)),"Atenção","Fora da meta")))
A22: =CURSOS!$A$8 | B22: =IF(B$18="","",IF(COUNTIFS(Tabela36[Período],B$18,Tabela36[Curso],$A22)=0,"",IFERROR(SUMIFS(Tabela36[Matrículas Ativas],Tabela36[Período],B$18,Tabela36[Curso],$A22),""))) | C22: =IF(C$18="","",IF(COUNTIFS(Tabela36[Período],C$18,Tabela36[Curso],$A22)=0,"",IFERROR(SUMIFS(Tabela36[Matrículas Ativas],Tabela36[Período],C$18,Tabela36[Curso],$A22),""))) | D22: =IF(D$18="","",IF(COUNTIFS(Tabela36[Período],D$18,Tabela36[Curso],$A22)=0,"",IFERROR(SUMIFS(Tabela36[Matrículas Ativas],Tabela36[Período],D$18,Tabela36[Curso],$A22),""))) | E22: =IF(E$18="","",IF(COUNTIFS(Tabela36[Período],E$18,Tabela36[Curso],$A22)=0,"",IFERROR(SUMIFS(Tabela36[Matrículas Ativas],Tabela36[Período],E$18,Tabela36[Curso],$A22),""))) | F22: =IF(F$18="","",IF(COUNTIFS(Tabela36[Período],F$18,Tabela36[Curso],$A22)=0,"",IFERROR(SUMIFS(Tabela36[Matrículas Ativas],Tabela36[Período],F$18,Tabela36[Curso],$A22),""))) | G22: =IF(G$18="","",IF(COUNTIFS(Tabela36[Período],G$18,Tabela36[Curso],$A22)=0,"",IFERROR(SUMIFS(Tabela36[Matrículas Ativas],Tabela36[Período],G$18,Tabela36[Curso],$A22),""))) | H22: =IF(H$18="","",IF(COUNTIFS(Tabela36[Período],H$18,Tabela36[Curso],$A22)=0,"",IFERROR(SUMIFS(Tabela36[Matrículas Ativas],Tabela36[Período],H$18,Tabela36[Curso],$A22),""))) | I22: =IF(I$18="","",IF(COUNTIFS(Tabela36[Período],I$18,Tabela36[Curso],$A22)=0,"",IFERROR(SUMIFS(Tabela36[Matrículas Ativas],Tabela36[Período],I$18,Tabela36[Curso],$A22),""))) | ... M22: =IF(M$18="","",IF(COUNTIFS(Tabela36[Período],M$18,Tabela36[Curso],$A22)=0,"",IFERROR(SUMIFS(Tabela36[Matrículas Ativas],Tabela36[Período],M$18,Tabela36[Curso],$A22),""))) | N22: =IF(CALC!$N$70="","",IF(COUNTIFS(Tabela36[Período],CALC!$N$70,Tabela36[Curso],$A22)=0,"",IFERROR(SUMIFS(Tabela36[Matrículas Ativas],Tabela36[Período],CALC!$N$70,Tabela36[Curso],$A22),""))) | O22: =IF(CALC!$O$70="","",IF(COUNTIFS(Tabela36[Período],CALC!$O$70,Tabela36[Curso],$A22)=0,"",IFERROR(SUMIFS(Tabela36[Matrículas Ativas],Tabela36[Período],CALC!$O$70,Tabela36[Curso],$A22),""))) | P22: =IFERROR(N22/O22-1,"") | Q22: =IFERROR(INDEX(CALC!$D$8:$D$17,MATCH($A22,CALC!$A$8:$A$17,0)),"") | R22: =IF(OR(N22="",O22="",O22=0,Q22=""),"",IF(ROUND(N22/O22-1,6)>=ROUND(Q22,6),"Dentro da meta",IF(AND(IFERROR(IFERROR(INDEX(CALC!$E$8:$E$17,MATCH($A22,CALC!$A$8:$A$17,0)),""),"")<>"",ROUND(N22/O22-1,6)>=ROUND(IFERROR(IFERROR(INDEX(CALC!$E$8:$E$17,MATCH($A22,CALC!$A$8:$A$17,0)),""),""),6)),"Atenção","Fora da meta")))
A23: =CURSOS!$A$9 | B23: =IF(B$18="","",IF(COUNTIFS(Tabela36[Período],B$18,Tabela36[Curso],$A23)=0,"",IFERROR(SUMIFS(Tabela36[Matrículas Ativas],Tabela36[Período],B$18,Tabela36[Curso],$A23),""))) | C23: =IF(C$18="","",IF(COUNTIFS(Tabela36[Período],C$18,Tabela36[Curso],$A23)=0,"",IFERROR(SUMIFS(Tabela36[Matrículas Ativas],Tabela36[Período],C$18,Tabela36[Curso],$A23),""))) | D23: =IF(D$18="","",IF(COUNTIFS(Tabela36[Período],D$18,Tabela36[Curso],$A23)=0,"",IFERROR(SUMIFS(Tabela36[Matrículas Ativas],Tabela36[Período],D$18,Tabela36[Curso],$A23),""))) | E23: =IF(E$18="","",IF(COUNTIFS(Tabela36[Período],E$18,Tabela36[Curso],$A23)=0,"",IFERROR(SUMIFS(Tabela36[Matrículas Ativas],Tabela36[Período],E$18,Tabela36[Curso],$A23),""))) | F23: =IF(F$18="","",IF(COUNTIFS(Tabela36[Período],F$18,Tabela36[Curso],$A23)=0,"",IFERROR(SUMIFS(Tabela36[Matrículas Ativas],Tabela36[Período],F$18,Tabela36[Curso],$A23),""))) | G23: =IF(G$18="","",IF(COUNTIFS(Tabela36[Período],G$18,Tabela36[Curso],$A23)=0,"",IFERROR(SUMIFS(Tabela36[Matrículas Ativas],Tabela36[Período],G$18,Tabela36[Curso],$A23),""))) | H23: =IF(H$18="","",IF(COUNTIFS(Tabela36[Período],H$18,Tabela36[Curso],$A23)=0,"",IFERROR(SUMIFS(Tabela36[Matrículas Ativas],Tabela36[Período],H$18,Tabela36[Curso],$A23),""))) | I23: =IF(I$18="","",IF(COUNTIFS(Tabela36[Período],I$18,Tabela36[Curso],$A23)=0,"",IFERROR(SUMIFS(Tabela36[Matrículas Ativas],Tabela36[Período],I$18,Tabela36[Curso],$A23),""))) | ... M23: =IF(M$18="","",IF(COUNTIFS(Tabela36[Período],M$18,Tabela36[Curso],$A23)=0,"",IFERROR(SUMIFS(Tabela36[Matrículas Ativas],Tabela36[Período],M$18,Tabela36[Curso],$A23),""))) | N23: =IF(CALC!$N$70="","",IF(COUNTIFS(Tabela36[Período],CALC!$N$70,Tabela36[Curso],$A23)=0,"",IFERROR(SUMIFS(Tabela36[Matrículas Ativas],Tabela36[Período],CALC!$N$70,Tabela36[Curso],$A23),""))) | O23: =IF(CALC!$O$70="","",IF(COUNTIFS(Tabela36[Período],CALC!$O$70,Tabela36[Curso],$A23)=0,"",IFERROR(SUMIFS(Tabela36[Matrículas Ativas],Tabela36[Período],CALC!$O$70,Tabela36[Curso],$A23),""))) | P23: =IFERROR(N23/O23-1,"") | Q23: =IFERROR(INDEX(CALC!$D$8:$D$17,MATCH($A23,CALC!$A$8:$A$17,0)),"") | R23: =IF(OR(N23="",O23="",O23=0,Q23=""),"",IF(ROUND(N23/O23-1,6)>=ROUND(Q23,6),"Dentro da meta",IF(AND(IFERROR(IFERROR(INDEX(CALC!$E$8:$E$17,MATCH($A23,CALC!$A$8:$A$17,0)),""),"")<>"",ROUND(N23/O23-1,6)>=ROUND(IFERROR(IFERROR(INDEX(CALC!$E$8:$E$17,MATCH($A23,CALC!$A$8:$A$17,0)),""),""),6)),"Atenção","Fora da meta")))
A24: =CURSOS!$A$10 | B24: =IF(B$18="","",IF(COUNTIFS(Tabela36[Período],B$18,Tabela36[Curso],$A24)=0,"",IFERROR(SUMIFS(Tabela36[Matrículas Ativas],Tabela36[Período],B$18,Tabela36[Curso],$A24),""))) | C24: =IF(C$18="","",IF(COUNTIFS(Tabela36[Período],C$18,Tabela36[Curso],$A24)=0,"",IFERROR(SUMIFS(Tabela36[Matrículas Ativas],Tabela36[Período],C$18,Tabela36[Curso],$A24),""))) | D24: =IF(D$18="","",IF(COUNTIFS(Tabela36[Período],D$18,Tabela36[Curso],$A24)=0,"",IFERROR(SUMIFS(Tabela36[Matrículas Ativas],Tabela36[Período],D$18,Tabela36[Curso],$A24),""))) | E24: =IF(E$18="","",IF(COUNTIFS(Tabela36[Período],E$18,Tabela36[Curso],$A24)=0,"",IFERROR(SUMIFS(Tabela36[Matrículas Ativas],Tabela36[Período],E$18,Tabela36[Curso],$A24),""))) | F24: =IF(F$18="","",IF(COUNTIFS(Tabela36[Período],F$18,Tabela36[Curso],$A24)=0,"",IFERROR(SUMIFS(Tabela36[Matrículas Ativas],Tabela36[Período],F$18,Tabela36[Curso],$A24),""))) | G24: =IF(G$18="","",IF(COUNTIFS(Tabela36[Período],G$18,Tabela36[Curso],$A24)=0,"",IFERROR(SUMIFS(Tabela36[Matrículas Ativas],Tabela36[Período],G$18,Tabela36[Curso],$A24),""))) | H24: =IF(H$18="","",IF(COUNTIFS(Tabela36[Período],H$18,Tabela36[Curso],$A24)=0,"",IFERROR(SUMIFS(Tabela36[Matrículas Ativas],Tabela36[Período],H$18,Tabela36[Curso],$A24),""))) | I24: =IF(I$18="","",IF(COUNTIFS(Tabela36[Período],I$18,Tabela36[Curso],$A24)=0,"",IFERROR(SUMIFS(Tabela36[Matrículas Ativas],Tabela36[Período],I$18,Tabela36[Curso],$A24),""))) | ... M24: =IF(M$18="","",IF(COUNTIFS(Tabela36[Período],M$18,Tabela36[Curso],$A24)=0,"",IFERROR(SUMIFS(Tabela36[Matrículas Ativas],Tabela36[Período],M$18,Tabela36[Curso],$A24),""))) | N24: =IF(CALC!$N$70="","",IF(COUNTIFS(Tabela36[Período],CALC!$N$70,Tabela36[Curso],$A24)=0,"",IFERROR(SUMIFS(Tabela36[Matrículas Ativas],Tabela36[Período],CALC!$N$70,Tabela36[Curso],$A24),""))) | O24: =IF(CALC!$O$70="","",IF(COUNTIFS(Tabela36[Período],CALC!$O$70,Tabela36[Curso],$A24)=0,"",IFERROR(SUMIFS(Tabela36[Matrículas Ativas],Tabela36[Período],CALC!$O$70,Tabela36[Curso],$A24),""))) | P24: =IFERROR(N24/O24-1,"") | Q24: =IFERROR(INDEX(CALC!$D$8:$D$17,MATCH($A24,CALC!$A$8:$A$17,0)),"") | R24: =IF(OR(N24="",O24="",O24=0,Q24=""),"",IF(ROUND(N24/O24-1,6)>=ROUND(Q24,6),"Dentro da meta",IF(AND(IFERROR(IFERROR(INDEX(CALC!$E$8:$E$17,MATCH($A24,CALC!$A$8:$A$17,0)),""),"")<>"",ROUND(N24/O24-1,6)>=ROUND(IFERROR(IFERROR(INDEX(CALC!$E$8:$E$17,MATCH($A24,CALC!$A$8:$A$17,0)),""),""),6)),"Atenção","Fora da meta")))
A25: =CURSOS!$A$11 | B25: =IF(B$18="","",IF(COUNTIFS(Tabela36[Período],B$18,Tabela36[Curso],$A25)=0,"",IFERROR(SUMIFS(Tabela36[Matrículas Ativas],Tabela36[Período],B$18,Tabela36[Curso],$A25),""))) | C25: =IF(C$18="","",IF(COUNTIFS(Tabela36[Período],C$18,Tabela36[Curso],$A25)=0,"",IFERROR(SUMIFS(Tabela36[Matrículas Ativas],Tabela36[Período],C$18,Tabela36[Curso],$A25),""))) | D25: =IF(D$18="","",IF(COUNTIFS(Tabela36[Período],D$18,Tabela36[Curso],$A25)=0,"",IFERROR(SUMIFS(Tabela36[Matrículas Ativas],Tabela36[Período],D$18,Tabela36[Curso],$A25),""))) | E25: =IF(E$18="","",IF(COUNTIFS(Tabela36[Período],E$18,Tabela36[Curso],$A25)=0,"",IFERROR(SUMIFS(Tabela36[Matrículas Ativas],Tabela36[Período],E$18,Tabela36[Curso],$A25),""))) | F25: =IF(F$18="","",IF(COUNTIFS(Tabela36[Período],F$18,Tabela36[Curso],$A25)=0,"",IFERROR(SUMIFS(Tabela36[Matrículas Ativas],Tabela36[Período],F$18,Tabela36[Curso],$A25),""))) | G25: =IF(G$18="","",IF(COUNTIFS(Tabela36[Período],G$18,Tabela36[Curso],$A25)=0,"",IFERROR(SUMIFS(Tabela36[Matrículas Ativas],Tabela36[Período],G$18,Tabela36[Curso],$A25),""))) | H25: =IF(H$18="","",IF(COUNTIFS(Tabela36[Período],H$18,Tabela36[Curso],$A25)=0,"",IFERROR(SUMIFS(Tabela36[Matrículas Ativas],Tabela36[Período],H$18,Tabela36[Curso],$A25),""))) | I25: =IF(I$18="","",IF(COUNTIFS(Tabela36[Período],I$18,Tabela36[Curso],$A25)=0,"",IFERROR(SUMIFS(Tabela36[Matrículas Ativas],Tabela36[Período],I$18,Tabela36[Curso],$A25),""))) | ... M25: =IF(M$18="","",IF(COUNTIFS(Tabela36[Período],M$18,Tabela36[Curso],$A25)=0,"",IFERROR(SUMIFS(Tabela36[Matrículas Ativas],Tabela36[Período],M$18,Tabela36[Curso],$A25),""))) | N25: =IF(CALC!$N$70="","",IF(COUNTIFS(Tabela36[Período],CALC!$N$70,Tabela36[Curso],$A25)=0,"",IFERROR(SUMIFS(Tabela36[Matrículas Ativas],Tabela36[Período],CALC!$N$70,Tabela36[Curso],$A25),""))) | O25: =IF(CALC!$O$70="","",IF(COUNTIFS(Tabela36[Período],CALC!$O$70,Tabela36[Curso],$A25)=0,"",IFERROR(SUMIFS(Tabela36[Matrículas Ativas],Tabela36[Período],CALC!$O$70,Tabela36[Curso],$A25),""))) | P25: =IFERROR(N25/O25-1,"") | Q25: =IFERROR(INDEX(CALC!$D$8:$D$17,MATCH($A25,CALC!$A$8:$A$17,0)),"") | R25: =IF(OR(N25="",O25="",O25=0,Q25=""),"",IF(ROUND(N25/O25-1,6)>=ROUND(Q25,6),"Dentro da meta",IF(AND(IFERROR(IFERROR(INDEX(CALC!$E$8:$E$17,MATCH($A25,CALC!$A$8:$A$17,0)),""),"")<>"",ROUND(N25/O25-1,6)>=ROUND(IFERROR(IFERROR(INDEX(CALC!$E$8:$E$17,MATCH($A25,CALC!$A$8:$A$17,0)),""),""),6)),"Atenção","Fora da meta")))
A26: =CURSOS!$A$12 | B26: =IF(B$18="","",IF(COUNTIFS(Tabela36[Período],B$18,Tabela36[Curso],$A26)=0,"",IFERROR(SUMIFS(Tabela36[Matrículas Ativas],Tabela36[Período],B$18,Tabela36[Curso],$A26),""))) | C26: =IF(C$18="","",IF(COUNTIFS(Tabela36[Período],C$18,Tabela36[Curso],$A26)=0,"",IFERROR(SUMIFS(Tabela36[Matrículas Ativas],Tabela36[Período],C$18,Tabela36[Curso],$A26),""))) | D26: =IF(D$18="","",IF(COUNTIFS(Tabela36[Período],D$18,Tabela36[Curso],$A26)=0,"",IFERROR(SUMIFS(Tabela36[Matrículas Ativas],Tabela36[Período],D$18,Tabela36[Curso],$A26),""))) | E26: =IF(E$18="","",IF(COUNTIFS(Tabela36[Período],E$18,Tabela36[Curso],$A26)=0,"",IFERROR(SUMIFS(Tabela36[Matrículas Ativas],Tabela36[Período],E$18,Tabela36[Curso],$A26),""))) | F26: =IF(F$18="","",IF(COUNTIFS(Tabela36[Período],F$18,Tabela36[Curso],$A26)=0,"",IFERROR(SUMIFS(Tabela36[Matrículas Ativas],Tabela36[Período],F$18,Tabela36[Curso],$A26),""))) | G26: =IF(G$18="","",IF(COUNTIFS(Tabela36[Período],G$18,Tabela36[Curso],$A26)=0,"",IFERROR(SUMIFS(Tabela36[Matrículas Ativas],Tabela36[Período],G$18,Tabela36[Curso],$A26),""))) | H26: =IF(H$18="","",IF(COUNTIFS(Tabela36[Período],H$18,Tabela36[Curso],$A26)=0,"",IFERROR(SUMIFS(Tabela36[Matrículas Ativas],Tabela36[Período],H$18,Tabela36[Curso],$A26),""))) | I26: =IF(I$18="","",IF(COUNTIFS(Tabela36[Período],I$18,Tabela36[Curso],$A26)=0,"",IFERROR(SUMIFS(Tabela36[Matrículas Ativas],Tabela36[Período],I$18,Tabela36[Curso],$A26),""))) | ... M26: =IF(M$18="","",IF(COUNTIFS(Tabela36[Período],M$18,Tabela36[Curso],$A26)=0,"",IFERROR(SUMIFS(Tabela36[Matrículas Ativas],Tabela36[Período],M$18,Tabela36[Curso],$A26),""))) | N26: =IF(CALC!$N$70="","",IF(COUNTIFS(Tabela36[Período],CALC!$N$70,Tabela36[Curso],$A26)=0,"",IFERROR(SUMIFS(Tabela36[Matrículas Ativas],Tabela36[Período],CALC!$N$70,Tabela36[Curso],$A26),""))) | O26: =IF(CALC!$O$70="","",IF(COUNTIFS(Tabela36[Período],CALC!$O$70,Tabela36[Curso],$A26)=0,"",IFERROR(SUMIFS(Tabela36[Matrículas Ativas],Tabela36[Período],CALC!$O$70,Tabela36[Curso],$A26),""))) | P26: =IFERROR(N26/O26-1,"") | Q26: =IFERROR(INDEX(CALC!$D$8:$D$17,MATCH($A26,CALC!$A$8:$A$17,0)),"") | R26: =IF(OR(N26="",O26="",O26=0,Q26=""),"",IF(ROUND(N26/O26-1,6)>=ROUND(Q26,6),"Dentro da meta",IF(AND(IFERROR(IFERROR(INDEX(CALC!$E$8:$E$17,MATCH($A26,CALC!$A$8:$A$17,0)),""),"")<>"",ROUND(N26/O26-1,6)>=ROUND(IFERROR(IFERROR(INDEX(CALC!$E$8:$E$17,MATCH($A26,CALC!$A$8:$A$17,0)),""),""),6)),"Atenção","Fora da meta")))
A27: =CURSOS!$A$13 | B27: =IF(B$18="","",IF(COUNTIFS(Tabela36[Período],B$18,Tabela36[Curso],$A27)=0,"",IFERROR(SUMIFS(Tabela36[Matrículas Ativas],Tabela36[Período],B$18,Tabela36[Curso],$A27),""))) | C27: =IF(C$18="","",IF(COUNTIFS(Tabela36[Período],C$18,Tabela36[Curso],$A27)=0,"",IFERROR(SUMIFS(Tabela36[Matrículas Ativas],Tabela36[Período],C$18,Tabela36[Curso],$A27),""))) | D27: =IF(D$18="","",IF(COUNTIFS(Tabela36[Período],D$18,Tabela36[Curso],$A27)=0,"",IFERROR(SUMIFS(Tabela36[Matrículas Ativas],Tabela36[Período],D$18,Tabela36[Curso],$A27),""))) | E27: =IF(E$18="","",IF(COUNTIFS(Tabela36[Período],E$18,Tabela36[Curso],$A27)=0,"",IFERROR(SUMIFS(Tabela36[Matrículas Ativas],Tabela36[Período],E$18,Tabela36[Curso],$A27),""))) | F27: =IF(F$18="","",IF(COUNTIFS(Tabela36[Período],F$18,Tabela36[Curso],$A27)=0,"",IFERROR(SUMIFS(Tabela36[Matrículas Ativas],Tabela36[Período],F$18,Tabela36[Curso],$A27),""))) | G27: =IF(G$18="","",IF(COUNTIFS(Tabela36[Período],G$18,Tabela36[Curso],$A27)=0,"",IFERROR(SUMIFS(Tabela36[Matrículas Ativas],Tabela36[Período],G$18,Tabela36[Curso],$A27),""))) | H27: =IF(H$18="","",IF(COUNTIFS(Tabela36[Período],H$18,Tabela36[Curso],$A27)=0,"",IFERROR(SUMIFS(Tabela36[Matrículas Ativas],Tabela36[Período],H$18,Tabela36[Curso],$A27),""))) | I27: =IF(I$18="","",IF(COUNTIFS(Tabela36[Período],I$18,Tabela36[Curso],$A27)=0,"",IFERROR(SUMIFS(Tabela36[Matrículas Ativas],Tabela36[Período],I$18,Tabela36[Curso],$A27),""))) | ... M27: =IF(M$18="","",IF(COUNTIFS(Tabela36[Período],M$18,Tabela36[Curso],$A27)=0,"",IFERROR(SUMIFS(Tabela36[Matrículas Ativas],Tabela36[Período],M$18,Tabela36[Curso],$A27),""))) | N27: =IF(CALC!$N$70="","",IF(COUNTIFS(Tabela36[Período],CALC!$N$70,Tabela36[Curso],$A27)=0,"",IFERROR(SUMIFS(Tabela36[Matrículas Ativas],Tabela36[Período],CALC!$N$70,Tabela36[Curso],$A27),""))) | O27: =IF(CALC!$O$70="","",IF(COUNTIFS(Tabela36[Período],CALC!$O$70,Tabela36[Curso],$A27)=0,"",IFERROR(SUMIFS(Tabela36[Matrículas Ativas],Tabela36[Período],CALC!$O$70,Tabela36[Curso],$A27),""))) | P27: =IFERROR(N27/O27-1,"") | Q27: =IFERROR(INDEX(CALC!$D$8:$D$17,MATCH($A27,CALC!$A$8:$A$17,0)),"") | R27: =IF(OR(N27="",O27="",O27=0,Q27=""),"",IF(ROUND(N27/O27-1,6)>=ROUND(Q27,6),"Dentro da meta",IF(AND(IFERROR(IFERROR(INDEX(CALC!$E$8:$E$17,MATCH($A27,CALC!$A$8:$A$17,0)),""),"")<>"",ROUND(N27/O27-1,6)>=ROUND(IFERROR(IFERROR(INDEX(CALC!$E$8:$E$17,MATCH($A27,CALC!$A$8:$A$17,0)),""),""),6)),"Atenção","Fora da meta")))
A30: DTNH-03 — Frequência Média Discente
A31: Curso | B31: =CALC!$B$88 | C31: =CALC!$B$89 | D31: =CALC!$B$90 | E31: =CALC!$B$91 | F31: =CALC!$B$92 | G31: =CALC!$B$93 | H31: =CALC!$B$94 | I31: =CALC!$B$95 | J31: =CALC!$B$96 | K31: =CALC!$B$97 | L31: =CALC!$B$98 | M31: =CALC!$B$99 | N31: Referência | O31: Comparação | P31: Variação | Q31: Meta | R31: Status
A32: =CURSOS!$A$5 | B32: =IF(B$31="","",IF(COUNTIFS(Tabela367[Período],B$31,Tabela367[Curso],$A32)=0,"",IFERROR(SUMIFS(Tabela367[Presenças Registradas],Tabela367[Período],B$31,Tabela367[Curso],$A32)/SUMIFS(Tabela367[Presenças Previstas],Tabela367[Período],B$31,Tabela367[Curso],$A32),""))) | C32: =IF(C$31="","",IF(COUNTIFS(Tabela367[Período],C$31,Tabela367[Curso],$A32)=0,"",IFERROR(SUMIFS(Tabela367[Presenças Registradas],Tabela367[Período],C$31,Tabela367[Curso],$A32)/SUMIFS(Tabela367[Presenças Previstas],Tabela367[Período],C$31,Tabela367[Curso],$A32),""))) | D32: =IF(D$31="","",IF(COUNTIFS(Tabela367[Período],D$31,Tabela367[Curso],$A32)=0,"",IFERROR(SUMIFS(Tabela367[Presenças Registradas],Tabela367[Período],D$31,Tabela367[Curso],$A32)/SUMIFS(Tabela367[Presenças Previstas],Tabela367[Período],D$31,Tabela367[Curso],$A32),""))) | E32: =IF(E$31="","",IF(COUNTIFS(Tabela367[Período],E$31,Tabela367[Curso],$A32)=0,"",IFERROR(SUMIFS(Tabela367[Presenças Registradas],Tabela367[Período],E$31,Tabela367[Curso],$A32)/SUMIFS(Tabela367[Presenças Previstas],Tabela367[Período],E$31,Tabela367[Curso],$A32),""))) | F32: =IF(F$31="","",IF(COUNTIFS(Tabela367[Período],F$31,Tabela367[Curso],$A32)=0,"",IFERROR(SUMIFS(Tabela367[Presenças Registradas],Tabela367[Período],F$31,Tabela367[Curso],$A32)/SUMIFS(Tabela367[Presenças Previstas],Tabela367[Período],F$31,Tabela367[Curso],$A32),""))) | G32: =IF(G$31="","",IF(COUNTIFS(Tabela367[Período],G$31,Tabela367[Curso],$A32)=0,"",IFERROR(SUMIFS(Tabela367[Presenças Registradas],Tabela367[Período],G$31,Tabela367[Curso],$A32)/SUMIFS(Tabela367[Presenças Previstas],Tabela367[Período],G$31,Tabela367[Curso],$A32),""))) | H32: =IF(H$31="","",IF(COUNTIFS(Tabela367[Período],H$31,Tabela367[Curso],$A32)=0,"",IFERROR(SUMIFS(Tabela367[Presenças Registradas],Tabela367[Período],H$31,Tabela367[Curso],$A32)/SUMIFS(Tabela367[Presenças Previstas],Tabela367[Período],H$31,Tabela367[Curso],$A32),""))) | I32: =IF(I$31="","",IF(COUNTIFS(Tabela367[Período],I$31,Tabela367[Curso],$A32)=0,"",IFERROR(SUMIFS(Tabela367[Presenças Registradas],Tabela367[Período],I$31,Tabela367[Curso],$A32)/SUMIFS(Tabela367[Presenças Previstas],Tabela367[Período],I$31,Tabela367[Curso],$A32),""))) | ... M32: =IF(M$31="","",IF(COUNTIFS(Tabela367[Período],M$31,Tabela367[Curso],$A32)=0,"",IFERROR(SUMIFS(Tabela367[Presenças Registradas],Tabela367[Período],M$31,Tabela367[Curso],$A32)/SUMIFS(Tabela367[Presenças Previstas],Tabela367[Período],M$31,Tabela367[Curso],$A32),""))) | N32: =IF(CALC!$N$103="","",IF(COUNTIFS(Tabela367[Período],CALC!$N$103,Tabela367[Curso],$A32)=0,"",IFERROR(SUMIFS(Tabela367[Presenças Registradas],Tabela367[Período],CALC!$N$103,Tabela367[Curso],$A32)/SUMIFS(Tabela367[Presenças Previstas],Tabela367[Período],CALC!$N$103,Tabela367[Curso],$A32),""))) | O32: =IF(CALC!$O$103="","",IF(COUNTIFS(Tabela367[Período],CALC!$O$103,Tabela367[Curso],$A32)=0,"",IFERROR(SUMIFS(Tabela367[Presenças Registradas],Tabela367[Período],CALC!$O$103,Tabela367[Curso],$A32)/SUMIFS(Tabela367[Presenças Previstas],Tabela367[Período],CALC!$O$103,Tabela367[Curso],$A32),""))) | P32: =IF(OR(N32="",O32=""),"",N32-O32) | Q32: =IFERROR(INDEX(CALC!$F$8:$F$17,MATCH($A32,CALC!$A$8:$A$17,0)),"") | R32: =IF(OR(N32="",Q32=""),"",IF(ROUND(N32,6)>=ROUND(Q32,6),"Dentro da meta",IF(AND(IFERROR(IFERROR(INDEX(CALC!$G$8:$G$17,MATCH($A32,CALC!$A$8:$A$17,0)),""),"")<>"",ROUND(N32,6)>=ROUND(IFERROR(IFERROR(INDEX(CALC!$G$8:$G$17,MATCH($A32,CALC!$A$8:$A$17,0)),""),""),6)),"Atenção","Fora da meta")))
A33: =CURSOS!$A$6 | B33: =IF(B$31="","",IF(COUNTIFS(Tabela367[Período],B$31,Tabela367[Curso],$A33)=0,"",IFERROR(SUMIFS(Tabela367[Presenças Registradas],Tabela367[Período],B$31,Tabela367[Curso],$A33)/SUMIFS(Tabela367[Presenças Previstas],Tabela367[Período],B$31,Tabela367[Curso],$A33),""))) | C33: =IF(C$31="","",IF(COUNTIFS(Tabela367[Período],C$31,Tabela367[Curso],$A33)=0,"",IFERROR(SUMIFS(Tabela367[Presenças Registradas],Tabela367[Período],C$31,Tabela367[Curso],$A33)/SUMIFS(Tabela367[Presenças Previstas],Tabela367[Período],C$31,Tabela367[Curso],$A33),""))) | D33: =IF(D$31="","",IF(COUNTIFS(Tabela367[Período],D$31,Tabela367[Curso],$A33)=0,"",IFERROR(SUMIFS(Tabela367[Presenças Registradas],Tabela367[Período],D$31,Tabela367[Curso],$A33)/SUMIFS(Tabela367[Presenças Previstas],Tabela367[Período],D$31,Tabela367[Curso],$A33),""))) | E33: =IF(E$31="","",IF(COUNTIFS(Tabela367[Período],E$31,Tabela367[Curso],$A33)=0,"",IFERROR(SUMIFS(Tabela367[Presenças Registradas],Tabela367[Período],E$31,Tabela367[Curso],$A33)/SUMIFS(Tabela367[Presenças Previstas],Tabela367[Período],E$31,Tabela367[Curso],$A33),""))) | F33: =IF(F$31="","",IF(COUNTIFS(Tabela367[Período],F$31,Tabela367[Curso],$A33)=0,"",IFERROR(SUMIFS(Tabela367[Presenças Registradas],Tabela367[Período],F$31,Tabela367[Curso],$A33)/SUMIFS(Tabela367[Presenças Previstas],Tabela367[Período],F$31,Tabela367[Curso],$A33),""))) | G33: =IF(G$31="","",IF(COUNTIFS(Tabela367[Período],G$31,Tabela367[Curso],$A33)=0,"",IFERROR(SUMIFS(Tabela367[Presenças Registradas],Tabela367[Período],G$31,Tabela367[Curso],$A33)/SUMIFS(Tabela367[Presenças Previstas],Tabela367[Período],G$31,Tabela367[Curso],$A33),""))) | H33: =IF(H$31="","",IF(COUNTIFS(Tabela367[Período],H$31,Tabela367[Curso],$A33)=0,"",IFERROR(SUMIFS(Tabela367[Presenças Registradas],Tabela367[Período],H$31,Tabela367[Curso],$A33)/SUMIFS(Tabela367[Presenças Previstas],Tabela367[Período],H$31,Tabela367[Curso],$A33),""))) | I33: =IF(I$31="","",IF(COUNTIFS(Tabela367[Período],I$31,Tabela367[Curso],$A33)=0,"",IFERROR(SUMIFS(Tabela367[Presenças Registradas],Tabela367[Período],I$31,Tabela367[Curso],$A33)/SUMIFS(Tabela367[Presenças Previstas],Tabela367[Período],I$31,Tabela367[Curso],$A33),""))) | ... M33: =IF(M$31="","",IF(COUNTIFS(Tabela367[Período],M$31,Tabela367[Curso],$A33)=0,"",IFERROR(SUMIFS(Tabela367[Presenças Registradas],Tabela367[Período],M$31,Tabela367[Curso],$A33)/SUMIFS(Tabela367[Presenças Previstas],Tabela367[Período],M$31,Tabela367[Curso],$A33),""))) | N33: =IF(CALC!$N$103="","",IF(COUNTIFS(Tabela367[Período],CALC!$N$103,Tabela367[Curso],$A33)=0,"",IFERROR(SUMIFS(Tabela367[Presenças Registradas],Tabela367[Período],CALC!$N$103,Tabela367[Curso],$A33)/SUMIFS(Tabela367[Presenças Previstas],Tabela367[Período],CALC!$N$103,Tabela367[Curso],$A33),""))) | O33: =IF(CALC!$O$103="","",IF(COUNTIFS(Tabela367[Período],CALC!$O$103,Tabela367[Curso],$A33)=0,"",IFERROR(SUMIFS(Tabela367[Presenças Registradas],Tabela367[Período],CALC!$O$103,Tabela367[Curso],$A33)/SUMIFS(Tabela367[Presenças Previstas],Tabela367[Período],CALC!$O$103,Tabela367[Curso],$A33),""))) | P33: =IF(OR(N33="",O33=""),"",N33-O33) | Q33: =IFERROR(INDEX(CALC!$F$8:$F$17,MATCH($A33,CALC!$A$8:$A$17,0)),"") | R33: =IF(OR(N33="",Q33=""),"",IF(ROUND(N33,6)>=ROUND(Q33,6),"Dentro da meta",IF(AND(IFERROR(IFERROR(INDEX(CALC!$G$8:$G$17,MATCH($A33,CALC!$A$8:$A$17,0)),""),"")<>"",ROUND(N33,6)>=ROUND(IFERROR(IFERROR(INDEX(CALC!$G$8:$G$17,MATCH($A33,CALC!$A$8:$A$17,0)),""),""),6)),"Atenção","Fora da meta")))
A34: =CURSOS!$A$7 | B34: =IF(B$31="","",IF(COUNTIFS(Tabela367[Período],B$31,Tabela367[Curso],$A34)=0,"",IFERROR(SUMIFS(Tabela367[Presenças Registradas],Tabela367[Período],B$31,Tabela367[Curso],$A34)/SUMIFS(Tabela367[Presenças Previstas],Tabela367[Período],B$31,Tabela367[Curso],$A34),""))) | C34: =IF(C$31="","",IF(COUNTIFS(Tabela367[Período],C$31,Tabela367[Curso],$A34)=0,"",IFERROR(SUMIFS(Tabela367[Presenças Registradas],Tabela367[Período],C$31,Tabela367[Curso],$A34)/SUMIFS(Tabela367[Presenças Previstas],Tabela367[Período],C$31,Tabela367[Curso],$A34),""))) | D34: =IF(D$31="","",IF(COUNTIFS(Tabela367[Período],D$31,Tabela367[Curso],$A34)=0,"",IFERROR(SUMIFS(Tabela367[Presenças Registradas],Tabela367[Período],D$31,Tabela367[Curso],$A34)/SUMIFS(Tabela367[Presenças Previstas],Tabela367[Período],D$31,Tabela367[Curso],$A34),""))) | E34: =IF(E$31="","",IF(COUNTIFS(Tabela367[Período],E$31,Tabela367[Curso],$A34)=0,"",IFERROR(SUMIFS(Tabela367[Presenças Registradas],Tabela367[Período],E$31,Tabela367[Curso],$A34)/SUMIFS(Tabela367[Presenças Previstas],Tabela367[Período],E$31,Tabela367[Curso],$A34),""))) | F34: =IF(F$31="","",IF(COUNTIFS(Tabela367[Período],F$31,Tabela367[Curso],$A34)=0,"",IFERROR(SUMIFS(Tabela367[Presenças Registradas],Tabela367[Período],F$31,Tabela367[Curso],$A34)/SUMIFS(Tabela367[Presenças Previstas],Tabela367[Período],F$31,Tabela367[Curso],$A34),""))) | G34: =IF(G$31="","",IF(COUNTIFS(Tabela367[Período],G$31,Tabela367[Curso],$A34)=0,"",IFERROR(SUMIFS(Tabela367[Presenças Registradas],Tabela367[Período],G$31,Tabela367[Curso],$A34)/SUMIFS(Tabela367[Presenças Previstas],Tabela367[Período],G$31,Tabela367[Curso],$A34),""))) | H34: =IF(H$31="","",IF(COUNTIFS(Tabela367[Período],H$31,Tabela367[Curso],$A34)=0,"",IFERROR(SUMIFS(Tabela367[Presenças Registradas],Tabela367[Período],H$31,Tabela367[Curso],$A34)/SUMIFS(Tabela367[Presenças Previstas],Tabela367[Período],H$31,Tabela367[Curso],$A34),""))) | I34: =IF(I$31="","",IF(COUNTIFS(Tabela367[Período],I$31,Tabela367[Curso],$A34)=0,"",IFERROR(SUMIFS(Tabela367[Presenças Registradas],Tabela367[Período],I$31,Tabela367[Curso],$A34)/SUMIFS(Tabela367[Presenças Previstas],Tabela367[Período],I$31,Tabela367[Curso],$A34),""))) | ... M34: =IF(M$31="","",IF(COUNTIFS(Tabela367[Período],M$31,Tabela367[Curso],$A34)=0,"",IFERROR(SUMIFS(Tabela367[Presenças Registradas],Tabela367[Período],M$31,Tabela367[Curso],$A34)/SUMIFS(Tabela367[Presenças Previstas],Tabela367[Período],M$31,Tabela367[Curso],$A34),""))) | N34: =IF(CALC!$N$103="","",IF(COUNTIFS(Tabela367[Período],CALC!$N$103,Tabela367[Curso],$A34)=0,"",IFERROR(SUMIFS(Tabela367[Presenças Registradas],Tabela367[Período],CALC!$N$103,Tabela367[Curso],$A34)/SUMIFS(Tabela367[Presenças Previstas],Tabela367[Período],CALC!$N$103,Tabela367[Curso],$A34),""))) | O34: =IF(CALC!$O$103="","",IF(COUNTIFS(Tabela367[Período],CALC!$O$103,Tabela367[Curso],$A34)=0,"",IFERROR(SUMIFS(Tabela367[Presenças Registradas],Tabela367[Período],CALC!$O$103,Tabela367[Curso],$A34)/SUMIFS(Tabela367[Presenças Previstas],Tabela367[Período],CALC!$O$103,Tabela367[Curso],$A34),""))) | P34: =IF(OR(N34="",O34=""),"",N34-O34) | Q34: =IFERROR(INDEX(CALC!$F$8:$F$17,MATCH($A34,CALC!$A$8:$A$17,0)),"") | R34: =IF(OR(N34="",Q34=""),"",IF(ROUND(N34,6)>=ROUND(Q34,6),"Dentro da meta",IF(AND(IFERROR(IFERROR(INDEX(CALC!$G$8:$G$17,MATCH($A34,CALC!$A$8:$A$17,0)),""),"")<>"",ROUND(N34,6)>=ROUND(IFERROR(IFERROR(INDEX(CALC!$G$8:$G$17,MATCH($A34,CALC!$A$8:$A$17,0)),""),""),6)),"Atenção","Fora da meta")))
A35: =CURSOS!$A$8 | B35: =IF(B$31="","",IF(COUNTIFS(Tabela367[Período],B$31,Tabela367[Curso],$A35)=0,"",IFERROR(SUMIFS(Tabela367[Presenças Registradas],Tabela367[Período],B$31,Tabela367[Curso],$A35)/SUMIFS(Tabela367[Presenças Previstas],Tabela367[Período],B$31,Tabela367[Curso],$A35),""))) | C35: =IF(C$31="","",IF(COUNTIFS(Tabela367[Período],C$31,Tabela367[Curso],$A35)=0,"",IFERROR(SUMIFS(Tabela367[Presenças Registradas],Tabela367[Período],C$31,Tabela367[Curso],$A35)/SUMIFS(Tabela367[Presenças Previstas],Tabela367[Período],C$31,Tabela367[Curso],$A35),""))) | D35: =IF(D$31="","",IF(COUNTIFS(Tabela367[Período],D$31,Tabela367[Curso],$A35)=0,"",IFERROR(SUMIFS(Tabela367[Presenças Registradas],Tabela367[Período],D$31,Tabela367[Curso],$A35)/SUMIFS(Tabela367[Presenças Previstas],Tabela367[Período],D$31,Tabela367[Curso],$A35),""))) | E35: =IF(E$31="","",IF(COUNTIFS(Tabela367[Período],E$31,Tabela367[Curso],$A35)=0,"",IFERROR(SUMIFS(Tabela367[Presenças Registradas],Tabela367[Período],E$31,Tabela367[Curso],$A35)/SUMIFS(Tabela367[Presenças Previstas],Tabela367[Período],E$31,Tabela367[Curso],$A35),""))) | F35: =IF(F$31="","",IF(COUNTIFS(Tabela367[Período],F$31,Tabela367[Curso],$A35)=0,"",IFERROR(SUMIFS(Tabela367[Presenças Registradas],Tabela367[Período],F$31,Tabela367[Curso],$A35)/SUMIFS(Tabela367[Presenças Previstas],Tabela367[Período],F$31,Tabela367[Curso],$A35),""))) | G35: =IF(G$31="","",IF(COUNTIFS(Tabela367[Período],G$31,Tabela367[Curso],$A35)=0,"",IFERROR(SUMIFS(Tabela367[Presenças Registradas],Tabela367[Período],G$31,Tabela367[Curso],$A35)/SUMIFS(Tabela367[Presenças Previstas],Tabela367[Período],G$31,Tabela367[Curso],$A35),""))) | H35: =IF(H$31="","",IF(COUNTIFS(Tabela367[Período],H$31,Tabela367[Curso],$A35)=0,"",IFERROR(SUMIFS(Tabela367[Presenças Registradas],Tabela367[Período],H$31,Tabela367[Curso],$A35)/SUMIFS(Tabela367[Presenças Previstas],Tabela367[Período],H$31,Tabela367[Curso],$A35),""))) | I35: =IF(I$31="","",IF(COUNTIFS(Tabela367[Período],I$31,Tabela367[Curso],$A35)=0,"",IFERROR(SUMIFS(Tabela367[Presenças Registradas],Tabela367[Período],I$31,Tabela367[Curso],$A35)/SUMIFS(Tabela367[Presenças Previstas],Tabela367[Período],I$31,Tabela367[Curso],$A35),""))) | ... M35: =IF(M$31="","",IF(COUNTIFS(Tabela367[Período],M$31,Tabela367[Curso],$A35)=0,"",IFERROR(SUMIFS(Tabela367[Presenças Registradas],Tabela367[Período],M$31,Tabela367[Curso],$A35)/SUMIFS(Tabela367[Presenças Previstas],Tabela367[Período],M$31,Tabela367[Curso],$A35),""))) | N35: =IF(CALC!$N$103="","",IF(COUNTIFS(Tabela367[Período],CALC!$N$103,Tabela367[Curso],$A35)=0,"",IFERROR(SUMIFS(Tabela367[Presenças Registradas],Tabela367[Período],CALC!$N$103,Tabela367[Curso],$A35)/SUMIFS(Tabela367[Presenças Previstas],Tabela367[Período],CALC!$N$103,Tabela367[Curso],$A35),""))) | O35: =IF(CALC!$O$103="","",IF(COUNTIFS(Tabela367[Período],CALC!$O$103,Tabela367[Curso],$A35)=0,"",IFERROR(SUMIFS(Tabela367[Presenças Registradas],Tabela367[Período],CALC!$O$103,Tabela367[Curso],$A35)/SUMIFS(Tabela367[Presenças Previstas],Tabela367[Período],CALC!$O$103,Tabela367[Curso],$A35),""))) | P35: =IF(OR(N35="",O35=""),"",N35-O35) | Q35: =IFERROR(INDEX(CALC!$F$8:$F$17,MATCH($A35,CALC!$A$8:$A$17,0)),"") | R35: =IF(OR(N35="",Q35=""),"",IF(ROUND(N35,6)>=ROUND(Q35,6),"Dentro da meta",IF(AND(IFERROR(IFERROR(INDEX(CALC!$G$8:$G$17,MATCH($A35,CALC!$A$8:$A$17,0)),""),"")<>"",ROUND(N35,6)>=ROUND(IFERROR(IFERROR(INDEX(CALC!$G$8:$G$17,MATCH($A35,CALC!$A$8:$A$17,0)),""),""),6)),"Atenção","Fora da meta")))
A36: =CURSOS!$A$9 | B36: =IF(B$31="","",IF(COUNTIFS(Tabela367[Período],B$31,Tabela367[Curso],$A36)=0,"",IFERROR(SUMIFS(Tabela367[Presenças Registradas],Tabela367[Período],B$31,Tabela367[Curso],$A36)/SUMIFS(Tabela367[Presenças Previstas],Tabela367[Período],B$31,Tabela367[Curso],$A36),""))) | C36: =IF(C$31="","",IF(COUNTIFS(Tabela367[Período],C$31,Tabela367[Curso],$A36)=0,"",IFERROR(SUMIFS(Tabela367[Presenças Registradas],Tabela367[Período],C$31,Tabela367[Curso],$A36)/SUMIFS(Tabela367[Presenças Previstas],Tabela367[Período],C$31,Tabela367[Curso],$A36),""))) | D36: =IF(D$31="","",IF(COUNTIFS(Tabela367[Período],D$31,Tabela367[Curso],$A36)=0,"",IFERROR(SUMIFS(Tabela367[Presenças Registradas],Tabela367[Período],D$31,Tabela367[Curso],$A36)/SUMIFS(Tabela367[Presenças Previstas],Tabela367[Período],D$31,Tabela367[Curso],$A36),""))) | E36: =IF(E$31="","",IF(COUNTIFS(Tabela367[Período],E$31,Tabela367[Curso],$A36)=0,"",IFERROR(SUMIFS(Tabela367[Presenças Registradas],Tabela367[Período],E$31,Tabela367[Curso],$A36)/SUMIFS(Tabela367[Presenças Previstas],Tabela367[Período],E$31,Tabela367[Curso],$A36),""))) | F36: =IF(F$31="","",IF(COUNTIFS(Tabela367[Período],F$31,Tabela367[Curso],$A36)=0,"",IFERROR(SUMIFS(Tabela367[Presenças Registradas],Tabela367[Período],F$31,Tabela367[Curso],$A36)/SUMIFS(Tabela367[Presenças Previstas],Tabela367[Período],F$31,Tabela367[Curso],$A36),""))) | G36: =IF(G$31="","",IF(COUNTIFS(Tabela367[Período],G$31,Tabela367[Curso],$A36)=0,"",IFERROR(SUMIFS(Tabela367[Presenças Registradas],Tabela367[Período],G$31,Tabela367[Curso],$A36)/SUMIFS(Tabela367[Presenças Previstas],Tabela367[Período],G$31,Tabela367[Curso],$A36),""))) | H36: =IF(H$31="","",IF(COUNTIFS(Tabela367[Período],H$31,Tabela367[Curso],$A36)=0,"",IFERROR(SUMIFS(Tabela367[Presenças Registradas],Tabela367[Período],H$31,Tabela367[Curso],$A36)/SUMIFS(Tabela367[Presenças Previstas],Tabela367[Período],H$31,Tabela367[Curso],$A36),""))) | I36: =IF(I$31="","",IF(COUNTIFS(Tabela367[Período],I$31,Tabela367[Curso],$A36)=0,"",IFERROR(SUMIFS(Tabela367[Presenças Registradas],Tabela367[Período],I$31,Tabela367[Curso],$A36)/SUMIFS(Tabela367[Presenças Previstas],Tabela367[Período],I$31,Tabela367[Curso],$A36),""))) | ... M36: =IF(M$31="","",IF(COUNTIFS(Tabela367[Período],M$31,Tabela367[Curso],$A36)=0,"",IFERROR(SUMIFS(Tabela367[Presenças Registradas],Tabela367[Período],M$31,Tabela367[Curso],$A36)/SUMIFS(Tabela367[Presenças Previstas],Tabela367[Período],M$31,Tabela367[Curso],$A36),""))) | N36: =IF(CALC!$N$103="","",IF(COUNTIFS(Tabela367[Período],CALC!$N$103,Tabela367[Curso],$A36)=0,"",IFERROR(SUMIFS(Tabela367[Presenças Registradas],Tabela367[Período],CALC!$N$103,Tabela367[Curso],$A36)/SUMIFS(Tabela367[Presenças Previstas],Tabela367[Período],CALC!$N$103,Tabela367[Curso],$A36),""))) | O36: =IF(CALC!$O$103="","",IF(COUNTIFS(Tabela367[Período],CALC!$O$103,Tabela367[Curso],$A36)=0,"",IFERROR(SUMIFS(Tabela367[Presenças Registradas],Tabela367[Período],CALC!$O$103,Tabela367[Curso],$A36)/SUMIFS(Tabela367[Presenças Previstas],Tabela367[Período],CALC!$O$103,Tabela367[Curso],$A36),""))) | P36: =IF(OR(N36="",O36=""),"",N36-O36) | Q36: =IFERROR(INDEX(CALC!$F$8:$F$17,MATCH($A36,CALC!$A$8:$A$17,0)),"") | R36: =IF(OR(N36="",Q36=""),"",IF(ROUND(N36,6)>=ROUND(Q36,6),"Dentro da meta",IF(AND(IFERROR(IFERROR(INDEX(CALC!$G$8:$G$17,MATCH($A36,CALC!$A$8:$A$17,0)),""),"")<>"",ROUND(N36,6)>=ROUND(IFERROR(IFERROR(INDEX(CALC!$G$8:$G$17,MATCH($A36,CALC!$A$8:$A$17,0)),""),""),6)),"Atenção","Fora da meta")))
A37: =CURSOS!$A$10 | B37: =IF(B$31="","",IF(COUNTIFS(Tabela367[Período],B$31,Tabela367[Curso],$A37)=0,"",IFERROR(SUMIFS(Tabela367[Presenças Registradas],Tabela367[Período],B$31,Tabela367[Curso],$A37)/SUMIFS(Tabela367[Presenças Previstas],Tabela367[Período],B$31,Tabela367[Curso],$A37),""))) | C37: =IF(C$31="","",IF(COUNTIFS(Tabela367[Período],C$31,Tabela367[Curso],$A37)=0,"",IFERROR(SUMIFS(Tabela367[Presenças Registradas],Tabela367[Período],C$31,Tabela367[Curso],$A37)/SUMIFS(Tabela367[Presenças Previstas],Tabela367[Período],C$31,Tabela367[Curso],$A37),""))) | D37: =IF(D$31="","",IF(COUNTIFS(Tabela367[Período],D$31,Tabela367[Curso],$A37)=0,"",IFERROR(SUMIFS(Tabela367[Presenças Registradas],Tabela367[Período],D$31,Tabela367[Curso],$A37)/SUMIFS(Tabela367[Presenças Previstas],Tabela367[Período],D$31,Tabela367[Curso],$A37),""))) | E37: =IF(E$31="","",IF(COUNTIFS(Tabela367[Período],E$31,Tabela367[Curso],$A37)=0,"",IFERROR(SUMIFS(Tabela367[Presenças Registradas],Tabela367[Período],E$31,Tabela367[Curso],$A37)/SUMIFS(Tabela367[Presenças Previstas],Tabela367[Período],E$31,Tabela367[Curso],$A37),""))) | F37: =IF(F$31="","",IF(COUNTIFS(Tabela367[Período],F$31,Tabela367[Curso],$A37)=0,"",IFERROR(SUMIFS(Tabela367[Presenças Registradas],Tabela367[Período],F$31,Tabela367[Curso],$A37)/SUMIFS(Tabela367[Presenças Previstas],Tabela367[Período],F$31,Tabela367[Curso],$A37),""))) | G37: =IF(G$31="","",IF(COUNTIFS(Tabela367[Período],G$31,Tabela367[Curso],$A37)=0,"",IFERROR(SUMIFS(Tabela367[Presenças Registradas],Tabela367[Período],G$31,Tabela367[Curso],$A37)/SUMIFS(Tabela367[Presenças Previstas],Tabela367[Período],G$31,Tabela367[Curso],$A37),""))) | H37: =IF(H$31="","",IF(COUNTIFS(Tabela367[Período],H$31,Tabela367[Curso],$A37)=0,"",IFERROR(SUMIFS(Tabela367[Presenças Registradas],Tabela367[Período],H$31,Tabela367[Curso],$A37)/SUMIFS(Tabela367[Presenças Previstas],Tabela367[Período],H$31,Tabela367[Curso],$A37),""))) | I37: =IF(I$31="","",IF(COUNTIFS(Tabela367[Período],I$31,Tabela367[Curso],$A37)=0,"",IFERROR(SUMIFS(Tabela367[Presenças Registradas],Tabela367[Período],I$31,Tabela367[Curso],$A37)/SUMIFS(Tabela367[Presenças Previstas],Tabela367[Período],I$31,Tabela367[Curso],$A37),""))) | ... M37: =IF(M$31="","",IF(COUNTIFS(Tabela367[Período],M$31,Tabela367[Curso],$A37)=0,"",IFERROR(SUMIFS(Tabela367[Presenças Registradas],Tabela367[Período],M$31,Tabela367[Curso],$A37)/SUMIFS(Tabela367[Presenças Previstas],Tabela367[Período],M$31,Tabela367[Curso],$A37),""))) | N37: =IF(CALC!$N$103="","",IF(COUNTIFS(Tabela367[Período],CALC!$N$103,Tabela367[Curso],$A37)=0,"",IFERROR(SUMIFS(Tabela367[Presenças Registradas],Tabela367[Período],CALC!$N$103,Tabela367[Curso],$A37)/SUMIFS(Tabela367[Presenças Previstas],Tabela367[Período],CALC!$N$103,Tabela367[Curso],$A37),""))) | O37: =IF(CALC!$O$103="","",IF(COUNTIFS(Tabela367[Período],CALC!$O$103,Tabela367[Curso],$A37)=0,"",IFERROR(SUMIFS(Tabela367[Presenças Registradas],Tabela367[Período],CALC!$O$103,Tabela367[Curso],$A37)/SUMIFS(Tabela367[Presenças Previstas],Tabela367[Período],CALC!$O$103,Tabela367[Curso],$A37),""))) | P37: =IF(OR(N37="",O37=""),"",N37-O37) | Q37: =IFERROR(INDEX(CALC!$F$8:$F$17,MATCH($A37,CALC!$A$8:$A$17,0)),"") | R37: =IF(OR(N37="",Q37=""),"",IF(ROUND(N37,6)>=ROUND(Q37,6),"Dentro da meta",IF(AND(IFERROR(IFERROR(INDEX(CALC!$G$8:$G$17,MATCH($A37,CALC!$A$8:$A$17,0)),""),"")<>"",ROUND(N37,6)>=ROUND(IFERROR(IFERROR(INDEX(CALC!$G$8:$G$17,MATCH($A37,CALC!$A$8:$A$17,0)),""),""),6)),"Atenção","Fora da meta")))
A38: =CURSOS!$A$11 | B38: =IF(B$31="","",IF(COUNTIFS(Tabela367[Período],B$31,Tabela367[Curso],$A38)=0,"",IFERROR(SUMIFS(Tabela367[Presenças Registradas],Tabela367[Período],B$31,Tabela367[Curso],$A38)/SUMIFS(Tabela367[Presenças Previstas],Tabela367[Período],B$31,Tabela367[Curso],$A38),""))) | C38: =IF(C$31="","",IF(COUNTIFS(Tabela367[Período],C$31,Tabela367[Curso],$A38)=0,"",IFERROR(SUMIFS(Tabela367[Presenças Registradas],Tabela367[Período],C$31,Tabela367[Curso],$A38)/SUMIFS(Tabela367[Presenças Previstas],Tabela367[Período],C$31,Tabela367[Curso],$A38),""))) | D38: =IF(D$31="","",IF(COUNTIFS(Tabela367[Período],D$31,Tabela367[Curso],$A38)=0,"",IFERROR(SUMIFS(Tabela367[Presenças Registradas],Tabela367[Período],D$31,Tabela367[Curso],$A38)/SUMIFS(Tabela367[Presenças Previstas],Tabela367[Período],D$31,Tabela367[Curso],$A38),""))) | E38: =IF(E$31="","",IF(COUNTIFS(Tabela367[Período],E$31,Tabela367[Curso],$A38)=0,"",IFERROR(SUMIFS(Tabela367[Presenças Registradas],Tabela367[Período],E$31,Tabela367[Curso],$A38)/SUMIFS(Tabela367[Presenças Previstas],Tabela367[Período],E$31,Tabela367[Curso],$A38),""))) | F38: =IF(F$31="","",IF(COUNTIFS(Tabela367[Período],F$31,Tabela367[Curso],$A38)=0,"",IFERROR(SUMIFS(Tabela367[Presenças Registradas],Tabela367[Período],F$31,Tabela367[Curso],$A38)/SUMIFS(Tabela367[Presenças Previstas],Tabela367[Período],F$31,Tabela367[Curso],$A38),""))) | G38: =IF(G$31="","",IF(COUNTIFS(Tabela367[Período],G$31,Tabela367[Curso],$A38)=0,"",IFERROR(SUMIFS(Tabela367[Presenças Registradas],Tabela367[Período],G$31,Tabela367[Curso],$A38)/SUMIFS(Tabela367[Presenças Previstas],Tabela367[Período],G$31,Tabela367[Curso],$A38),""))) | H38: =IF(H$31="","",IF(COUNTIFS(Tabela367[Período],H$31,Tabela367[Curso],$A38)=0,"",IFERROR(SUMIFS(Tabela367[Presenças Registradas],Tabela367[Período],H$31,Tabela367[Curso],$A38)/SUMIFS(Tabela367[Presenças Previstas],Tabela367[Período],H$31,Tabela367[Curso],$A38),""))) | I38: =IF(I$31="","",IF(COUNTIFS(Tabela367[Período],I$31,Tabela367[Curso],$A38)=0,"",IFERROR(SUMIFS(Tabela367[Presenças Registradas],Tabela367[Período],I$31,Tabela367[Curso],$A38)/SUMIFS(Tabela367[Presenças Previstas],Tabela367[Período],I$31,Tabela367[Curso],$A38),""))) | ... M38: =IF(M$31="","",IF(COUNTIFS(Tabela367[Período],M$31,Tabela367[Curso],$A38)=0,"",IFERROR(SUMIFS(Tabela367[Presenças Registradas],Tabela367[Período],M$31,Tabela367[Curso],$A38)/SUMIFS(Tabela367[Presenças Previstas],Tabela367[Período],M$31,Tabela367[Curso],$A38),""))) | N38: =IF(CALC!$N$103="","",IF(COUNTIFS(Tabela367[Período],CALC!$N$103,Tabela367[Curso],$A38)=0,"",IFERROR(SUMIFS(Tabela367[Presenças Registradas],Tabela367[Período],CALC!$N$103,Tabela367[Curso],$A38)/SUMIFS(Tabela367[Presenças Previstas],Tabela367[Período],CALC!$N$103,Tabela367[Curso],$A38),""))) | O38: =IF(CALC!$O$103="","",IF(COUNTIFS(Tabela367[Período],CALC!$O$103,Tabela367[Curso],$A38)=0,"",IFERROR(SUMIFS(Tabela367[Presenças Registradas],Tabela367[Período],CALC!$O$103,Tabela367[Curso],$A38)/SUMIFS(Tabela367[Presenças Previstas],Tabela367[Período],CALC!$O$103,Tabela367[Curso],$A38),""))) | P38: =IF(OR(N38="",O38=""),"",N38-O38) | Q38: =IFERROR(INDEX(CALC!$F$8:$F$17,MATCH($A38,CALC!$A$8:$A$17,0)),"") | R38: =IF(OR(N38="",Q38=""),"",IF(ROUND(N38,6)>=ROUND(Q38,6),"Dentro da meta",IF(AND(IFERROR(IFERROR(INDEX(CALC!$G$8:$G$17,MATCH($A38,CALC!$A$8:$A$17,0)),""),"")<>"",ROUND(N38,6)>=ROUND(IFERROR(IFERROR(INDEX(CALC!$G$8:$G$17,MATCH($A38,CALC!$A$8:$A$17,0)),""),""),6)),"Atenção","Fora da meta")))
A39: =CURSOS!$A$12 | B39: =IF(B$31="","",IF(COUNTIFS(Tabela367[Período],B$31,Tabela367[Curso],$A39)=0,"",IFERROR(SUMIFS(Tabela367[Presenças Registradas],Tabela367[Período],B$31,Tabela367[Curso],$A39)/SUMIFS(Tabela367[Presenças Previstas],Tabela367[Período],B$31,Tabela367[Curso],$A39),""))) | C39: =IF(C$31="","",IF(COUNTIFS(Tabela367[Período],C$31,Tabela367[Curso],$A39)=0,"",IFERROR(SUMIFS(Tabela367[Presenças Registradas],Tabela367[Período],C$31,Tabela367[Curso],$A39)/SUMIFS(Tabela367[Presenças Previstas],Tabela367[Período],C$31,Tabela367[Curso],$A39),""))) | D39: =IF(D$31="","",IF(COUNTIFS(Tabela367[Período],D$31,Tabela367[Curso],$A39)=0,"",IFERROR(SUMIFS(Tabela367[Presenças Registradas],Tabela367[Período],D$31,Tabela367[Curso],$A39)/SUMIFS(Tabela367[Presenças Previstas],Tabela367[Período],D$31,Tabela367[Curso],$A39),""))) | E39: =IF(E$31="","",IF(COUNTIFS(Tabela367[Período],E$31,Tabela367[Curso],$A39)=0,"",IFERROR(SUMIFS(Tabela367[Presenças Registradas],Tabela367[Período],E$31,Tabela367[Curso],$A39)/SUMIFS(Tabela367[Presenças Previstas],Tabela367[Período],E$31,Tabela367[Curso],$A39),""))) | F39: =IF(F$31="","",IF(COUNTIFS(Tabela367[Período],F$31,Tabela367[Curso],$A39)=0,"",IFERROR(SUMIFS(Tabela367[Presenças Registradas],Tabela367[Período],F$31,Tabela367[Curso],$A39)/SUMIFS(Tabela367[Presenças Previstas],Tabela367[Período],F$31,Tabela367[Curso],$A39),""))) | G39: =IF(G$31="","",IF(COUNTIFS(Tabela367[Período],G$31,Tabela367[Curso],$A39)=0,"",IFERROR(SUMIFS(Tabela367[Presenças Registradas],Tabela367[Período],G$31,Tabela367[Curso],$A39)/SUMIFS(Tabela367[Presenças Previstas],Tabela367[Período],G$31,Tabela367[Curso],$A39),""))) | H39: =IF(H$31="","",IF(COUNTIFS(Tabela367[Período],H$31,Tabela367[Curso],$A39)=0,"",IFERROR(SUMIFS(Tabela367[Presenças Registradas],Tabela367[Período],H$31,Tabela367[Curso],$A39)/SUMIFS(Tabela367[Presenças Previstas],Tabela367[Período],H$31,Tabela367[Curso],$A39),""))) | I39: =IF(I$31="","",IF(COUNTIFS(Tabela367[Período],I$31,Tabela367[Curso],$A39)=0,"",IFERROR(SUMIFS(Tabela367[Presenças Registradas],Tabela367[Período],I$31,Tabela367[Curso],$A39)/SUMIFS(Tabela367[Presenças Previstas],Tabela367[Período],I$31,Tabela367[Curso],$A39),""))) | ... M39: =IF(M$31="","",IF(COUNTIFS(Tabela367[Período],M$31,Tabela367[Curso],$A39)=0,"",IFERROR(SUMIFS(Tabela367[Presenças Registradas],Tabela367[Período],M$31,Tabela367[Curso],$A39)/SUMIFS(Tabela367[Presenças Previstas],Tabela367[Período],M$31,Tabela367[Curso],$A39),""))) | N39: =IF(CALC!$N$103="","",IF(COUNTIFS(Tabela367[Período],CALC!$N$103,Tabela367[Curso],$A39)=0,"",IFERROR(SUMIFS(Tabela367[Presenças Registradas],Tabela367[Período],CALC!$N$103,Tabela367[Curso],$A39)/SUMIFS(Tabela367[Presenças Previstas],Tabela367[Período],CALC!$N$103,Tabela367[Curso],$A39),""))) | O39: =IF(CALC!$O$103="","",IF(COUNTIFS(Tabela367[Período],CALC!$O$103,Tabela367[Curso],$A39)=0,"",IFERROR(SUMIFS(Tabela367[Presenças Registradas],Tabela367[Período],CALC!$O$103,Tabela367[Curso],$A39)/SUMIFS(Tabela367[Presenças Previstas],Tabela367[Período],CALC!$O$103,Tabela367[Curso],$A39),""))) | P39: =IF(OR(N39="",O39=""),"",N39-O39) | Q39: =IFERROR(INDEX(CALC!$F$8:$F$17,MATCH($A39,CALC!$A$8:$A$17,0)),"") | R39: =IF(OR(N39="",Q39=""),"",IF(ROUND(N39,6)>=ROUND(Q39,6),"Dentro da meta",IF(AND(IFERROR(IFERROR(INDEX(CALC!$G$8:$G$17,MATCH($A39,CALC!$A$8:$A$17,0)),""),"")<>"",ROUND(N39,6)>=ROUND(IFERROR(IFERROR(INDEX(CALC!$G$8:$G$17,MATCH($A39,CALC!$A$8:$A$17,0)),""),""),6)),"Atenção","Fora da meta")))
A40: =CURSOS!$A$13 | B40: =IF(B$31="","",IF(COUNTIFS(Tabela367[Período],B$31,Tabela367[Curso],$A40)=0,"",IFERROR(SUMIFS(Tabela367[Presenças Registradas],Tabela367[Período],B$31,Tabela367[Curso],$A40)/SUMIFS(Tabela367[Presenças Previstas],Tabela367[Período],B$31,Tabela367[Curso],$A40),""))) | C40: =IF(C$31="","",IF(COUNTIFS(Tabela367[Período],C$31,Tabela367[Curso],$A40)=0,"",IFERROR(SUMIFS(Tabela367[Presenças Registradas],Tabela367[Período],C$31,Tabela367[Curso],$A40)/SUMIFS(Tabela367[Presenças Previstas],Tabela367[Período],C$31,Tabela367[Curso],$A40),""))) | D40: =IF(D$31="","",IF(COUNTIFS(Tabela367[Período],D$31,Tabela367[Curso],$A40)=0,"",IFERROR(SUMIFS(Tabela367[Presenças Registradas],Tabela367[Período],D$31,Tabela367[Curso],$A40)/SUMIFS(Tabela367[Presenças Previstas],Tabela367[Período],D$31,Tabela367[Curso],$A40),""))) | E40: =IF(E$31="","",IF(COUNTIFS(Tabela367[Período],E$31,Tabela367[Curso],$A40)=0,"",IFERROR(SUMIFS(Tabela367[Presenças Registradas],Tabela367[Período],E$31,Tabela367[Curso],$A40)/SUMIFS(Tabela367[Presenças Previstas],Tabela367[Período],E$31,Tabela367[Curso],$A40),""))) | F40: =IF(F$31="","",IF(COUNTIFS(Tabela367[Período],F$31,Tabela367[Curso],$A40)=0,"",IFERROR(SUMIFS(Tabela367[Presenças Registradas],Tabela367[Período],F$31,Tabela367[Curso],$A40)/SUMIFS(Tabela367[Presenças Previstas],Tabela367[Período],F$31,Tabela367[Curso],$A40),""))) | G40: =IF(G$31="","",IF(COUNTIFS(Tabela367[Período],G$31,Tabela367[Curso],$A40)=0,"",IFERROR(SUMIFS(Tabela367[Presenças Registradas],Tabela367[Período],G$31,Tabela367[Curso],$A40)/SUMIFS(Tabela367[Presenças Previstas],Tabela367[Período],G$31,Tabela367[Curso],$A40),""))) | H40: =IF(H$31="","",IF(COUNTIFS(Tabela367[Período],H$31,Tabela367[Curso],$A40)=0,"",IFERROR(SUMIFS(Tabela367[Presenças Registradas],Tabela367[Período],H$31,Tabela367[Curso],$A40)/SUMIFS(Tabela367[Presenças Previstas],Tabela367[Período],H$31,Tabela367[Curso],$A40),""))) | I40: =IF(I$31="","",IF(COUNTIFS(Tabela367[Período],I$31,Tabela367[Curso],$A40)=0,"",IFERROR(SUMIFS(Tabela367[Presenças Registradas],Tabela367[Período],I$31,Tabela367[Curso],$A40)/SUMIFS(Tabela367[Presenças Previstas],Tabela367[Período],I$31,Tabela367[Curso],$A40),""))) | ... M40: =IF(M$31="","",IF(COUNTIFS(Tabela367[Período],M$31,Tabela367[Curso],$A40)=0,"",IFERROR(SUMIFS(Tabela367[Presenças Registradas],Tabela367[Período],M$31,Tabela367[Curso],$A40)/SUMIFS(Tabela367[Presenças Previstas],Tabela367[Período],M$31,Tabela367[Curso],$A40),""))) | N40: =IF(CALC!$N$103="","",IF(COUNTIFS(Tabela367[Período],CALC!$N$103,Tabela367[Curso],$A40)=0,"",IFERROR(SUMIFS(Tabela367[Presenças Registradas],Tabela367[Período],CALC!$N$103,Tabela367[Curso],$A40)/SUMIFS(Tabela367[Presenças Previstas],Tabela367[Período],CALC!$N$103,Tabela367[Curso],$A40),""))) | O40: =IF(CALC!$O$103="","",IF(COUNTIFS(Tabela367[Período],CALC!$O$103,Tabela367[Curso],$A40)=0,"",IFERROR(SUMIFS(Tabela367[Presenças Registradas],Tabela367[Período],CALC!$O$103,Tabela367[Curso],$A40)/SUMIFS(Tabela367[Presenças Previstas],Tabela367[Período],CALC!$O$103,Tabela367[Curso],$A40),""))) | P40: =IF(OR(N40="",O40=""),"",N40-O40) | Q40: =IFERROR(INDEX(CALC!$F$8:$F$17,MATCH($A40,CALC!$A$8:$A$17,0)),"") | R40: =IF(OR(N40="",Q40=""),"",IF(ROUND(N40,6)>=ROUND(Q40,6),"Dentro da meta",IF(AND(IFERROR(IFERROR(INDEX(CALC!$G$8:$G$17,MATCH($A40,CALC!$A$8:$A$17,0)),""),"")<>"",ROUND(N40,6)>=ROUND(IFERROR(IFERROR(INDEX(CALC!$G$8:$G$17,MATCH($A40,CALC!$A$8:$A$17,0)),""),""),6)),"Atenção","Fora da meta")))
A43: DTNH-03 — disciplinas do curso em foco | D43: escolha o curso em PARAMETROS · Curso em foco
A44: Curso em foco | B44: Disciplina | C44: =CALC!$B$88 | D44: =CALC!$B$89 | E44: =CALC!$B$90 | F44: =CALC!$B$91 | G44: =CALC!$B$92 | H44: =CALC!$B$93 | I44: =CALC!$B$94 | J44: =CALC!$B$95 | K44: =CALC!$B$96 | L44: =CALC!$B$97 | M44: =CALC!$B$98 | N44: =CALC!$B$99
A45: =IF($B45="","",CALC!$J$4) | B45: =IFERROR(INDEX(DISCIPLINAS!$B$5:$B$101,SMALL(IF(DISCIPLINAS!$A$5:$A$101=CALC!$J$4,ROW(DISCIPLINAS!$A$5:$A$101)-5+1),1)),"") | C45: =IF(OR(C$44="",$B45=""),"",IF(COUNTIFS(Tabela367[Período],C$44,Tabela367[Curso],CALC!$J$4,Tabela367[Disciplina],$B45)=0,"",IFERROR(SUMIFS(Tabela367[Presenças Registradas],Tabela367[Período],C$44,Tabela367[Curso],CALC!$J$4,Tabela367[Disciplina],$B45)/SUMIFS(Tabela367[Presenças Previstas],Tabela367[Período],C$44,Tabela367[Curso],CALC!$J$4,Tabela367[Disciplina],$B45),""))) | D45: =IF(OR(D$44="",$B45=""),"",IF(COUNTIFS(Tabela367[Período],D$44,Tabela367[Curso],CALC!$J$4,Tabela367[Disciplina],$B45)=0,"",IFERROR(SUMIFS(Tabela367[Presenças Registradas],Tabela367[Período],D$44,Tabela367[Curso],CALC!$J$4,Tabela367[Disciplina],$B45)/SUMIFS(Tabela367[Presenças Previstas],Tabela367[Período],D$44,Tabela367[Curso],CALC!$J$4,Tabela367[Disciplina],$B45),""))) | E45: =IF(OR(E$44="",$B45=""),"",IF(COUNTIFS(Tabela367[Período],E$44,Tabela367[Curso],CALC!$J$4,Tabela367[Disciplina],$B45)=0,"",IFERROR(SUMIFS(Tabela367[Presenças Registradas],Tabela367[Período],E$44,Tabela367[Curso],CALC!$J$4,Tabela367[Disciplina],$B45)/SUMIFS(Tabela367[Presenças Previstas],Tabela367[Período],E$44,Tabela367[Curso],CALC!$J$4,Tabela367[Disciplina],$B45),""))) | F45: =IF(OR(F$44="",$B45=""),"",IF(COUNTIFS(Tabela367[Período],F$44,Tabela367[Curso],CALC!$J$4,Tabela367[Disciplina],$B45)=0,"",IFERROR(SUMIFS(Tabela367[Presenças Registradas],Tabela367[Período],F$44,Tabela367[Curso],CALC!$J$4,Tabela367[Disciplina],$B45)/SUMIFS(Tabela367[Presenças Previstas],Tabela367[Período],F$44,Tabela367[Curso],CALC!$J$4,Tabela367[Disciplina],$B45),""))) | G45: =IF(OR(G$44="",$B45=""),"",IF(COUNTIFS(Tabela367[Período],G$44,Tabela367[Curso],CALC!$J$4,Tabela367[Disciplina],$B45)=0,"",IFERROR(SUMIFS(Tabela367[Presenças Registradas],Tabela367[Período],G$44,Tabela367[Curso],CALC!$J$4,Tabela367[Disciplina],$B45)/SUMIFS(Tabela367[Presenças Previstas],Tabela367[Período],G$44,Tabela367[Curso],CALC!$J$4,Tabela367[Disciplina],$B45),""))) | H45: =IF(OR(H$44="",$B45=""),"",IF(COUNTIFS(Tabela367[Período],H$44,Tabela367[Curso],CALC!$J$4,Tabela367[Disciplina],$B45)=0,"",IFERROR(SUMIFS(Tabela367[Presenças Registradas],Tabela367[Período],H$44,Tabela367[Curso],CALC!$J$4,Tabela367[Disciplina],$B45)/SUMIFS(Tabela367[Presenças Previstas],Tabela367[Período],H$44,Tabela367[Curso],CALC!$J$4,Tabela367[Disciplina],$B45),""))) | I45: =IF(OR(I$44="",$B45=""),"",IF(COUNTIFS(Tabela367[Período],I$44,Tabela367[Curso],CALC!$J$4,Tabela367[Disciplina],$B45)=0,"",IFERROR(SUMIFS(Tabela367[Presenças Registradas],Tabela367[Período],I$44,Tabela367[Curso],CALC!$J$4,Tabela367[Disciplina],$B45)/SUMIFS(Tabela367[Presenças Previstas],Tabela367[Período],I$44,Tabela367[Curso],CALC!$J$4,Tabela367[Disciplina],$B45),""))) | J45: =IF(OR(J$44="",$B45=""),"",IF(COUNTIFS(Tabela367[Período],J$44,Tabela367[Curso],CALC!$J$4,Tabela367[Disciplina],$B45)=0,"",IFERROR(SUMIFS(Tabela367[Presenças Registradas],Tabela367[Período],J$44,Tabela367[Curso],CALC!$J$4,Tabela367[Disciplina],$B45)/SUMIFS(Tabela367[Presenças Previstas],Tabela367[Período],J$44,Tabela367[Curso],CALC!$J$4,Tabela367[Disciplina],$B45),""))) | ... N45: =IF(OR(N$44="",$B45=""),"",IF(COUNTIFS(Tabela367[Período],N$44,Tabela367[Curso],CALC!$J$4,Tabela367[Disciplina],$B45)=0,"",IFERROR(SUMIFS(Tabela367[Presenças Registradas],Tabela367[Período],N$44,Tabela367[Curso],CALC!$J$4,Tabela367[Disciplina],$B45)/SUMIFS(Tabela367[Presenças Previstas],Tabela367[Período],N$44,Tabela367[Curso],CALC!$J$4,Tabela367[Disciplina],$B45),"")))
A46: =IF($B46="","",CALC!$J$4) | B46: =IFERROR(INDEX(DISCIPLINAS!$B$5:$B$101,SMALL(IF(DISCIPLINAS!$A$5:$A$101=CALC!$J$4,ROW(DISCIPLINAS!$A$5:$A$101)-5+1),2)),"") | C46: =IF(OR(C$44="",$B46=""),"",IF(COUNTIFS(Tabela367[Período],C$44,Tabela367[Curso],CALC!$J$4,Tabela367[Disciplina],$B46)=0,"",IFERROR(SUMIFS(Tabela367[Presenças Registradas],Tabela367[Período],C$44,Tabela367[Curso],CALC!$J$4,Tabela367[Disciplina],$B46)/SUMIFS(Tabela367[Presenças Previstas],Tabela367[Período],C$44,Tabela367[Curso],CALC!$J$4,Tabela367[Disciplina],$B46),""))) | D46: =IF(OR(D$44="",$B46=""),"",IF(COUNTIFS(Tabela367[Período],D$44,Tabela367[Curso],CALC!$J$4,Tabela367[Disciplina],$B46)=0,"",IFERROR(SUMIFS(Tabela367[Presenças Registradas],Tabela367[Período],D$44,Tabela367[Curso],CALC!$J$4,Tabela367[Disciplina],$B46)/SUMIFS(Tabela367[Presenças Previstas],Tabela367[Período],D$44,Tabela367[Curso],CALC!$J$4,Tabela367[Disciplina],$B46),""))) | E46: =IF(OR(E$44="",$B46=""),"",IF(COUNTIFS(Tabela367[Período],E$44,Tabela367[Curso],CALC!$J$4,Tabela367[Disciplina],$B46)=0,"",IFERROR(SUMIFS(Tabela367[Presenças Registradas],Tabela367[Período],E$44,Tabela367[Curso],CALC!$J$4,Tabela367[Disciplina],$B46)/SUMIFS(Tabela367[Presenças Previstas],Tabela367[Período],E$44,Tabela367[Curso],CALC!$J$4,Tabela367[Disciplina],$B46),""))) | F46: =IF(OR(F$44="",$B46=""),"",IF(COUNTIFS(Tabela367[Período],F$44,Tabela367[Curso],CALC!$J$4,Tabela367[Disciplina],$B46)=0,"",IFERROR(SUMIFS(Tabela367[Presenças Registradas],Tabela367[Período],F$44,Tabela367[Curso],CALC!$J$4,Tabela367[Disciplina],$B46)/SUMIFS(Tabela367[Presenças Previstas],Tabela367[Período],F$44,Tabela367[Curso],CALC!$J$4,Tabela367[Disciplina],$B46),""))) | G46: =IF(OR(G$44="",$B46=""),"",IF(COUNTIFS(Tabela367[Período],G$44,Tabela367[Curso],CALC!$J$4,Tabela367[Disciplina],$B46)=0,"",IFERROR(SUMIFS(Tabela367[Presenças Registradas],Tabela367[Período],G$44,Tabela367[Curso],CALC!$J$4,Tabela367[Disciplina],$B46)/SUMIFS(Tabela367[Presenças Previstas],Tabela367[Período],G$44,Tabela367[Curso],CALC!$J$4,Tabela367[Disciplina],$B46),""))) | H46: =IF(OR(H$44="",$B46=""),"",IF(COUNTIFS(Tabela367[Período],H$44,Tabela367[Curso],CALC!$J$4,Tabela367[Disciplina],$B46)=0,"",IFERROR(SUMIFS(Tabela367[Presenças Registradas],Tabela367[Período],H$44,Tabela367[Curso],CALC!$J$4,Tabela367[Disciplina],$B46)/SUMIFS(Tabela367[Presenças Previstas],Tabela367[Período],H$44,Tabela367[Curso],CALC!$J$4,Tabela367[Disciplina],$B46),""))) | I46: =IF(OR(I$44="",$B46=""),"",IF(COUNTIFS(Tabela367[Período],I$44,Tabela367[Curso],CALC!$J$4,Tabela367[Disciplina],$B46)=0,"",IFERROR(SUMIFS(Tabela367[Presenças Registradas],Tabela367[Período],I$44,Tabela367[Curso],CALC!$J$4,Tabela367[Disciplina],$B46)/SUMIFS(Tabela367[Presenças Previstas],Tabela367[Período],I$44,Tabela367[Curso],CALC!$J$4,Tabela367[Disciplina],$B46),""))) | J46: =IF(OR(J$44="",$B46=""),"",IF(COUNTIFS(Tabela367[Período],J$44,Tabela367[Curso],CALC!$J$4,Tabela367[Disciplina],$B46)=0,"",IFERROR(SUMIFS(Tabela367[Presenças Registradas],Tabela367[Período],J$44,Tabela367[Curso],CALC!$J$4,Tabela367[Disciplina],$B46)/SUMIFS(Tabela367[Presenças Previstas],Tabela367[Período],J$44,Tabela367[Curso],CALC!$J$4,Tabela367[Disciplina],$B46),""))) | ... N46: =IF(OR(N$44="",$B46=""),"",IF(COUNTIFS(Tabela367[Período],N$44,Tabela367[Curso],CALC!$J$4,Tabela367[Disciplina],$B46)=0,"",IFERROR(SUMIFS(Tabela367[Presenças Registradas],Tabela367[Período],N$44,Tabela367[Curso],CALC!$J$4,Tabela367[Disciplina],$B46)/SUMIFS(Tabela367[Presenças Previstas],Tabela367[Período],N$44,Tabela367[Curso],CALC!$J$4,Tabela367[Disciplina],$B46),"")))
A47: =IF($B47="","",CALC!$J$4) | B47: =IFERROR(INDEX(DISCIPLINAS!$B$5:$B$101,SMALL(IF(DISCIPLINAS!$A$5:$A$101=CALC!$J$4,ROW(DISCIPLINAS!$A$5:$A$101)-5+1),3)),"") | C47: =IF(OR(C$44="",$B47=""),"",IF(COUNTIFS(Tabela367[Período],C$44,Tabela367[Curso],CALC!$J$4,Tabela367[Disciplina],$B47)=0,"",IFERROR(SUMIFS(Tabela367[Presenças Registradas],Tabela367[Período],C$44,Tabela367[Curso],CALC!$J$4,Tabela367[Disciplina],$B47)/SUMIFS(Tabela367[Presenças Previstas],Tabela367[Período],C$44,Tabela367[Curso],CALC!$J$4,Tabela367[Disciplina],$B47),""))) | D47: =IF(OR(D$44="",$B47=""),"",IF(COUNTIFS(Tabela367[Período],D$44,Tabela367[Curso],CALC!$J$4,Tabela367[Disciplina],$B47)=0,"",IFERROR(SUMIFS(Tabela367[Presenças Registradas],Tabela367[Período],D$44,Tabela367[Curso],CALC!$J$4,Tabela367[Disciplina],$B47)/SUMIFS(Tabela367[Presenças Previstas],Tabela367[Período],D$44,Tabela367[Curso],CALC!$J$4,Tabela367[Disciplina],$B47),""))) | E47: =IF(OR(E$44="",$B47=""),"",IF(COUNTIFS(Tabela367[Período],E$44,Tabela367[Curso],CALC!$J$4,Tabela367[Disciplina],$B47)=0,"",IFERROR(SUMIFS(Tabela367[Presenças Registradas],Tabela367[Período],E$44,Tabela367[Curso],CALC!$J$4,Tabela367[Disciplina],$B47)/SUMIFS(Tabela367[Presenças Previstas],Tabela367[Período],E$44,Tabela367[Curso],CALC!$J$4,Tabela367[Disciplina],$B47),""))) | F47: =IF(OR(F$44="",$B47=""),"",IF(COUNTIFS(Tabela367[Período],F$44,Tabela367[Curso],CALC!$J$4,Tabela367[Disciplina],$B47)=0,"",IFERROR(SUMIFS(Tabela367[Presenças Registradas],Tabela367[Período],F$44,Tabela367[Curso],CALC!$J$4,Tabela367[Disciplina],$B47)/SUMIFS(Tabela367[Presenças Previstas],Tabela367[Período],F$44,Tabela367[Curso],CALC!$J$4,Tabela367[Disciplina],$B47),""))) | G47: =IF(OR(G$44="",$B47=""),"",IF(COUNTIFS(Tabela367[Período],G$44,Tabela367[Curso],CALC!$J$4,Tabela367[Disciplina],$B47)=0,"",IFERROR(SUMIFS(Tabela367[Presenças Registradas],Tabela367[Período],G$44,Tabela367[Curso],CALC!$J$4,Tabela367[Disciplina],$B47)/SUMIFS(Tabela367[Presenças Previstas],Tabela367[Período],G$44,Tabela367[Curso],CALC!$J$4,Tabela367[Disciplina],$B47),""))) | H47: =IF(OR(H$44="",$B47=""),"",IF(COUNTIFS(Tabela367[Período],H$44,Tabela367[Curso],CALC!$J$4,Tabela367[Disciplina],$B47)=0,"",IFERROR(SUMIFS(Tabela367[Presenças Registradas],Tabela367[Período],H$44,Tabela367[Curso],CALC!$J$4,Tabela367[Disciplina],$B47)/SUMIFS(Tabela367[Presenças Previstas],Tabela367[Período],H$44,Tabela367[Curso],CALC!$J$4,Tabela367[Disciplina],$B47),""))) | I47: =IF(OR(I$44="",$B47=""),"",IF(COUNTIFS(Tabela367[Período],I$44,Tabela367[Curso],CALC!$J$4,Tabela367[Disciplina],$B47)=0,"",IFERROR(SUMIFS(Tabela367[Presenças Registradas],Tabela367[Período],I$44,Tabela367[Curso],CALC!$J$4,Tabela367[Disciplina],$B47)/SUMIFS(Tabela367[Presenças Previstas],Tabela367[Período],I$44,Tabela367[Curso],CALC!$J$4,Tabela367[Disciplina],$B47),""))) | J47: =IF(OR(J$44="",$B47=""),"",IF(COUNTIFS(Tabela367[Período],J$44,Tabela367[Curso],CALC!$J$4,Tabela367[Disciplina],$B47)=0,"",IFERROR(SUMIFS(Tabela367[Presenças Registradas],Tabela367[Período],J$44,Tabela367[Curso],CALC!$J$4,Tabela367[Disciplina],$B47)/SUMIFS(Tabela367[Presenças Previstas],Tabela367[Período],J$44,Tabela367[Curso],CALC!$J$4,Tabela367[Disciplina],$B47),""))) | ... N47: =IF(OR(N$44="",$B47=""),"",IF(COUNTIFS(Tabela367[Período],N$44,Tabela367[Curso],CALC!$J$4,Tabela367[Disciplina],$B47)=0,"",IFERROR(SUMIFS(Tabela367[Presenças Registradas],Tabela367[Período],N$44,Tabela367[Curso],CALC!$J$4,Tabela367[Disciplina],$B47)/SUMIFS(Tabela367[Presenças Previstas],Tabela367[Período],N$44,Tabela367[Curso],CALC!$J$4,Tabela367[Disciplina],$B47),"")))
A48: =IF($B48="","",CALC!$J$4) | B48: =IFERROR(INDEX(DISCIPLINAS!$B$5:$B$101,SMALL(IF(DISCIPLINAS!$A$5:$A$101=CALC!$J$4,ROW(DISCIPLINAS!$A$5:$A$101)-5+1),4)),"") | C48: =IF(OR(C$44="",$B48=""),"",IF(COUNTIFS(Tabela367[Período],C$44,Tabela367[Curso],CALC!$J$4,Tabela367[Disciplina],$B48)=0,"",IFERROR(SUMIFS(Tabela367[Presenças Registradas],Tabela367[Período],C$44,Tabela367[Curso],CALC!$J$4,Tabela367[Disciplina],$B48)/SUMIFS(Tabela367[Presenças Previstas],Tabela367[Período],C$44,Tabela367[Curso],CALC!$J$4,Tabela367[Disciplina],$B48),""))) | D48: =IF(OR(D$44="",$B48=""),"",IF(COUNTIFS(Tabela367[Período],D$44,Tabela367[Curso],CALC!$J$4,Tabela367[Disciplina],$B48)=0,"",IFERROR(SUMIFS(Tabela367[Presenças Registradas],Tabela367[Período],D$44,Tabela367[Curso],CALC!$J$4,Tabela367[Disciplina],$B48)/SUMIFS(Tabela367[Presenças Previstas],Tabela367[Período],D$44,Tabela367[Curso],CALC!$J$4,Tabela367[Disciplina],$B48),""))) | E48: =IF(OR(E$44="",$B48=""),"",IF(COUNTIFS(Tabela367[Período],E$44,Tabela367[Curso],CALC!$J$4,Tabela367[Disciplina],$B48)=0,"",IFERROR(SUMIFS(Tabela367[Presenças Registradas],Tabela367[Período],E$44,Tabela367[Curso],CALC!$J$4,Tabela367[Disciplina],$B48)/SUMIFS(Tabela367[Presenças Previstas],Tabela367[Período],E$44,Tabela367[Curso],CALC!$J$4,Tabela367[Disciplina],$B48),""))) | F48: =IF(OR(F$44="",$B48=""),"",IF(COUNTIFS(Tabela367[Período],F$44,Tabela367[Curso],CALC!$J$4,Tabela367[Disciplina],$B48)=0,"",IFERROR(SUMIFS(Tabela367[Presenças Registradas],Tabela367[Período],F$44,Tabela367[Curso],CALC!$J$4,Tabela367[Disciplina],$B48)/SUMIFS(Tabela367[Presenças Previstas],Tabela367[Período],F$44,Tabela367[Curso],CALC!$J$4,Tabela367[Disciplina],$B48),""))) | G48: =IF(OR(G$44="",$B48=""),"",IF(COUNTIFS(Tabela367[Período],G$44,Tabela367[Curso],CALC!$J$4,Tabela367[Disciplina],$B48)=0,"",IFERROR(SUMIFS(Tabela367[Presenças Registradas],Tabela367[Período],G$44,Tabela367[Curso],CALC!$J$4,Tabela367[Disciplina],$B48)/SUMIFS(Tabela367[Presenças Previstas],Tabela367[Período],G$44,Tabela367[Curso],CALC!$J$4,Tabela367[Disciplina],$B48),""))) | H48: =IF(OR(H$44="",$B48=""),"",IF(COUNTIFS(Tabela367[Período],H$44,Tabela367[Curso],CALC!$J$4,Tabela367[Disciplina],$B48)=0,"",IFERROR(SUMIFS(Tabela367[Presenças Registradas],Tabela367[Período],H$44,Tabela367[Curso],CALC!$J$4,Tabela367[Disciplina],$B48)/SUMIFS(Tabela367[Presenças Previstas],Tabela367[Período],H$44,Tabela367[Curso],CALC!$J$4,Tabela367[Disciplina],$B48),""))) | I48: =IF(OR(I$44="",$B48=""),"",IF(COUNTIFS(Tabela367[Período],I$44,Tabela367[Curso],CALC!$J$4,Tabela367[Disciplina],$B48)=0,"",IFERROR(SUMIFS(Tabela367[Presenças Registradas],Tabela367[Período],I$44,Tabela367[Curso],CALC!$J$4,Tabela367[Disciplina],$B48)/SUMIFS(Tabela367[Presenças Previstas],Tabela367[Período],I$44,Tabela367[Curso],CALC!$J$4,Tabela367[Disciplina],$B48),""))) | J48: =IF(OR(J$44="",$B48=""),"",IF(COUNTIFS(Tabela367[Período],J$44,Tabela367[Curso],CALC!$J$4,Tabela367[Disciplina],$B48)=0,"",IFERROR(SUMIFS(Tabela367[Presenças Registradas],Tabela367[Período],J$44,Tabela367[Curso],CALC!$J$4,Tabela367[Disciplina],$B48)/SUMIFS(Tabela367[Presenças Previstas],Tabela367[Período],J$44,Tabela367[Curso],CALC!$J$4,Tabela367[Disciplina],$B48),""))) | ... N48: =IF(OR(N$44="",$B48=""),"",IF(COUNTIFS(Tabela367[Período],N$44,Tabela367[Curso],CALC!$J$4,Tabela367[Disciplina],$B48)=0,"",IFERROR(SUMIFS(Tabela367[Presenças Registradas],Tabela367[Período],N$44,Tabela367[Curso],CALC!$J$4,Tabela367[Disciplina],$B48)/SUMIFS(Tabela367[Presenças Previstas],Tabela367[Período],N$44,Tabela367[Curso],CALC!$J$4,Tabela367[Disciplina],$B48),"")))
A49: =IF($B49="","",CALC!$J$4) | B49: =IFERROR(INDEX(DISCIPLINAS!$B$5:$B$101,SMALL(IF(DISCIPLINAS!$A$5:$A$101=CALC!$J$4,ROW(DISCIPLINAS!$A$5:$A$101)-5+1),5)),"") | C49: =IF(OR(C$44="",$B49=""),"",IF(COUNTIFS(Tabela367[Período],C$44,Tabela367[Curso],CALC!$J$4,Tabela367[Disciplina],$B49)=0,"",IFERROR(SUMIFS(Tabela367[Presenças Registradas],Tabela367[Período],C$44,Tabela367[Curso],CALC!$J$4,Tabela367[Disciplina],$B49)/SUMIFS(Tabela367[Presenças Previstas],Tabela367[Período],C$44,Tabela367[Curso],CALC!$J$4,Tabela367[Disciplina],$B49),""))) | D49: =IF(OR(D$44="",$B49=""),"",IF(COUNTIFS(Tabela367[Período],D$44,Tabela367[Curso],CALC!$J$4,Tabela367[Disciplina],$B49)=0,"",IFERROR(SUMIFS(Tabela367[Presenças Registradas],Tabela367[Período],D$44,Tabela367[Curso],CALC!$J$4,Tabela367[Disciplina],$B49)/SUMIFS(Tabela367[Presenças Previstas],Tabela367[Período],D$44,Tabela367[Curso],CALC!$J$4,Tabela367[Disciplina],$B49),""))) | E49: =IF(OR(E$44="",$B49=""),"",IF(COUNTIFS(Tabela367[Período],E$44,Tabela367[Curso],CALC!$J$4,Tabela367[Disciplina],$B49)=0,"",IFERROR(SUMIFS(Tabela367[Presenças Registradas],Tabela367[Período],E$44,Tabela367[Curso],CALC!$J$4,Tabela367[Disciplina],$B49)/SUMIFS(Tabela367[Presenças Previstas],Tabela367[Período],E$44,Tabela367[Curso],CALC!$J$4,Tabela367[Disciplina],$B49),""))) | F49: =IF(OR(F$44="",$B49=""),"",IF(COUNTIFS(Tabela367[Período],F$44,Tabela367[Curso],CALC!$J$4,Tabela367[Disciplina],$B49)=0,"",IFERROR(SUMIFS(Tabela367[Presenças Registradas],Tabela367[Período],F$44,Tabela367[Curso],CALC!$J$4,Tabela367[Disciplina],$B49)/SUMIFS(Tabela367[Presenças Previstas],Tabela367[Período],F$44,Tabela367[Curso],CALC!$J$4,Tabela367[Disciplina],$B49),""))) | G49: =IF(OR(G$44="",$B49=""),"",IF(COUNTIFS(Tabela367[Período],G$44,Tabela367[Curso],CALC!$J$4,Tabela367[Disciplina],$B49)=0,"",IFERROR(SUMIFS(Tabela367[Presenças Registradas],Tabela367[Período],G$44,Tabela367[Curso],CALC!$J$4,Tabela367[Disciplina],$B49)/SUMIFS(Tabela367[Presenças Previstas],Tabela367[Período],G$44,Tabela367[Curso],CALC!$J$4,Tabela367[Disciplina],$B49),""))) | H49: =IF(OR(H$44="",$B49=""),"",IF(COUNTIFS(Tabela367[Período],H$44,Tabela367[Curso],CALC!$J$4,Tabela367[Disciplina],$B49)=0,"",IFERROR(SUMIFS(Tabela367[Presenças Registradas],Tabela367[Período],H$44,Tabela367[Curso],CALC!$J$4,Tabela367[Disciplina],$B49)/SUMIFS(Tabela367[Presenças Previstas],Tabela367[Período],H$44,Tabela367[Curso],CALC!$J$4,Tabela367[Disciplina],$B49),""))) | I49: =IF(OR(I$44="",$B49=""),"",IF(COUNTIFS(Tabela367[Período],I$44,Tabela367[Curso],CALC!$J$4,Tabela367[Disciplina],$B49)=0,"",IFERROR(SUMIFS(Tabela367[Presenças Registradas],Tabela367[Período],I$44,Tabela367[Curso],CALC!$J$4,Tabela367[Disciplina],$B49)/SUMIFS(Tabela367[Presenças Previstas],Tabela367[Período],I$44,Tabela367[Curso],CALC!$J$4,Tabela367[Disciplina],$B49),""))) | J49: =IF(OR(J$44="",$B49=""),"",IF(COUNTIFS(Tabela367[Período],J$44,Tabela367[Curso],CALC!$J$4,Tabela367[Disciplina],$B49)=0,"",IFERROR(SUMIFS(Tabela367[Presenças Registradas],Tabela367[Período],J$44,Tabela367[Curso],CALC!$J$4,Tabela367[Disciplina],$B49)/SUMIFS(Tabela367[Presenças Previstas],Tabela367[Período],J$44,Tabela367[Curso],CALC!$J$4,Tabela367[Disciplina],$B49),""))) | ... N49: =IF(OR(N$44="",$B49=""),"",IF(COUNTIFS(Tabela367[Período],N$44,Tabela367[Curso],CALC!$J$4,Tabela367[Disciplina],$B49)=0,"",IFERROR(SUMIFS(Tabela367[Presenças Registradas],Tabela367[Período],N$44,Tabela367[Curso],CALC!$J$4,Tabela367[Disciplina],$B49)/SUMIFS(Tabela367[Presenças Previstas],Tabela367[Período],N$44,Tabela367[Curso],CALC!$J$4,Tabela367[Disciplina],$B49),"")))
A50: =IF($B50="","",CALC!$J$4) | B50: =IFERROR(INDEX(DISCIPLINAS!$B$5:$B$101,SMALL(IF(DISCIPLINAS!$A$5:$A$101=CALC!$J$4,ROW(DISCIPLINAS!$A$5:$A$101)-5+1),6)),"") | C50: =IF(OR(C$44="",$B50=""),"",IF(COUNTIFS(Tabela367[Período],C$44,Tabela367[Curso],CALC!$J$4,Tabela367[Disciplina],$B50)=0,"",IFERROR(SUMIFS(Tabela367[Presenças Registradas],Tabela367[Período],C$44,Tabela367[Curso],CALC!$J$4,Tabela367[Disciplina],$B50)/SUMIFS(Tabela367[Presenças Previstas],Tabela367[Período],C$44,Tabela367[Curso],CALC!$J$4,Tabela367[Disciplina],$B50),""))) | D50: =IF(OR(D$44="",$B50=""),"",IF(COUNTIFS(Tabela367[Período],D$44,Tabela367[Curso],CALC!$J$4,Tabela367[Disciplina],$B50)=0,"",IFERROR(SUMIFS(Tabela367[Presenças Registradas],Tabela367[Período],D$44,Tabela367[Curso],CALC!$J$4,Tabela367[Disciplina],$B50)/SUMIFS(Tabela367[Presenças Previstas],Tabela367[Período],D$44,Tabela367[Curso],CALC!$J$4,Tabela367[Disciplina],$B50),""))) | E50: =IF(OR(E$44="",$B50=""),"",IF(COUNTIFS(Tabela367[Período],E$44,Tabela367[Curso],CALC!$J$4,Tabela367[Disciplina],$B50)=0,"",IFERROR(SUMIFS(Tabela367[Presenças Registradas],Tabela367[Período],E$44,Tabela367[Curso],CALC!$J$4,Tabela367[Disciplina],$B50)/SUMIFS(Tabela367[Presenças Previstas],Tabela367[Período],E$44,Tabela367[Curso],CALC!$J$4,Tabela367[Disciplina],$B50),""))) | F50: =IF(OR(F$44="",$B50=""),"",IF(COUNTIFS(Tabela367[Período],F$44,Tabela367[Curso],CALC!$J$4,Tabela367[Disciplina],$B50)=0,"",IFERROR(SUMIFS(Tabela367[Presenças Registradas],Tabela367[Período],F$44,Tabela367[Curso],CALC!$J$4,Tabela367[Disciplina],$B50)/SUMIFS(Tabela367[Presenças Previstas],Tabela367[Período],F$44,Tabela367[Curso],CALC!$J$4,Tabela367[Disciplina],$B50),""))) | G50: =IF(OR(G$44="",$B50=""),"",IF(COUNTIFS(Tabela367[Período],G$44,Tabela367[Curso],CALC!$J$4,Tabela367[Disciplina],$B50)=0,"",IFERROR(SUMIFS(Tabela367[Presenças Registradas],Tabela367[Período],G$44,Tabela367[Curso],CALC!$J$4,Tabela367[Disciplina],$B50)/SUMIFS(Tabela367[Presenças Previstas],Tabela367[Período],G$44,Tabela367[Curso],CALC!$J$4,Tabela367[Disciplina],$B50),""))) | H50: =IF(OR(H$44="",$B50=""),"",IF(COUNTIFS(Tabela367[Período],H$44,Tabela367[Curso],CALC!$J$4,Tabela367[Disciplina],$B50)=0,"",IFERROR(SUMIFS(Tabela367[Presenças Registradas],Tabela367[Período],H$44,Tabela367[Curso],CALC!$J$4,Tabela367[Disciplina],$B50)/SUMIFS(Tabela367[Presenças Previstas],Tabela367[Período],H$44,Tabela367[Curso],CALC!$J$4,Tabela367[Disciplina],$B50),""))) | I50: =IF(OR(I$44="",$B50=""),"",IF(COUNTIFS(Tabela367[Período],I$44,Tabela367[Curso],CALC!$J$4,Tabela367[Disciplina],$B50)=0,"",IFERROR(SUMIFS(Tabela367[Presenças Registradas],Tabela367[Período],I$44,Tabela367[Curso],CALC!$J$4,Tabela367[Disciplina],$B50)/SUMIFS(Tabela367[Presenças Previstas],Tabela367[Período],I$44,Tabela367[Curso],CALC!$J$4,Tabela367[Disciplina],$B50),""))) | J50: =IF(OR(J$44="",$B50=""),"",IF(COUNTIFS(Tabela367[Período],J$44,Tabela367[Curso],CALC!$J$4,Tabela367[Disciplina],$B50)=0,"",IFERROR(SUMIFS(Tabela367[Presenças Registradas],Tabela367[Período],J$44,Tabela367[Curso],CALC!$J$4,Tabela367[Disciplina],$B50)/SUMIFS(Tabela367[Presenças Previstas],Tabela367[Período],J$44,Tabela367[Curso],CALC!$J$4,Tabela367[Disciplina],$B50),""))) | ... N50: =IF(OR(N$44="",$B50=""),"",IF(COUNTIFS(Tabela367[Período],N$44,Tabela367[Curso],CALC!$J$4,Tabela367[Disciplina],$B50)=0,"",IFERROR(SUMIFS(Tabela367[Presenças Registradas],Tabela367[Período],N$44,Tabela367[Curso],CALC!$J$4,Tabela367[Disciplina],$B50)/SUMIFS(Tabela367[Presenças Previstas],Tabela367[Período],N$44,Tabela367[Curso],CALC!$J$4,Tabela367[Disciplina],$B50),"")))
A51: =IF($B51="","",CALC!$J$4) | B51: =IFERROR(INDEX(DISCIPLINAS!$B$5:$B$101,SMALL(IF(DISCIPLINAS!$A$5:$A$101=CALC!$J$4,ROW(DISCIPLINAS!$A$5:$A$101)-5+1),7)),"") | C51: =IF(OR(C$44="",$B51=""),"",IF(COUNTIFS(Tabela367[Período],C$44,Tabela367[Curso],CALC!$J$4,Tabela367[Disciplina],$B51)=0,"",IFERROR(SUMIFS(Tabela367[Presenças Registradas],Tabela367[Período],C$44,Tabela367[Curso],CALC!$J$4,Tabela367[Disciplina],$B51)/SUMIFS(Tabela367[Presenças Previstas],Tabela367[Período],C$44,Tabela367[Curso],CALC!$J$4,Tabela367[Disciplina],$B51),""))) | D51: =IF(OR(D$44="",$B51=""),"",IF(COUNTIFS(Tabela367[Período],D$44,Tabela367[Curso],CALC!$J$4,Tabela367[Disciplina],$B51)=0,"",IFERROR(SUMIFS(Tabela367[Presenças Registradas],Tabela367[Período],D$44,Tabela367[Curso],CALC!$J$4,Tabela367[Disciplina],$B51)/SUMIFS(Tabela367[Presenças Previstas],Tabela367[Período],D$44,Tabela367[Curso],CALC!$J$4,Tabela367[Disciplina],$B51),""))) | E51: =IF(OR(E$44="",$B51=""),"",IF(COUNTIFS(Tabela367[Período],E$44,Tabela367[Curso],CALC!$J$4,Tabela367[Disciplina],$B51)=0,"",IFERROR(SUMIFS(Tabela367[Presenças Registradas],Tabela367[Período],E$44,Tabela367[Curso],CALC!$J$4,Tabela367[Disciplina],$B51)/SUMIFS(Tabela367[Presenças Previstas],Tabela367[Período],E$44,Tabela367[Curso],CALC!$J$4,Tabela367[Disciplina],$B51),""))) | F51: =IF(OR(F$44="",$B51=""),"",IF(COUNTIFS(Tabela367[Período],F$44,Tabela367[Curso],CALC!$J$4,Tabela367[Disciplina],$B51)=0,"",IFERROR(SUMIFS(Tabela367[Presenças Registradas],Tabela367[Período],F$44,Tabela367[Curso],CALC!$J$4,Tabela367[Disciplina],$B51)/SUMIFS(Tabela367[Presenças Previstas],Tabela367[Período],F$44,Tabela367[Curso],CALC!$J$4,Tabela367[Disciplina],$B51),""))) | G51: =IF(OR(G$44="",$B51=""),"",IF(COUNTIFS(Tabela367[Período],G$44,Tabela367[Curso],CALC!$J$4,Tabela367[Disciplina],$B51)=0,"",IFERROR(SUMIFS(Tabela367[Presenças Registradas],Tabela367[Período],G$44,Tabela367[Curso],CALC!$J$4,Tabela367[Disciplina],$B51)/SUMIFS(Tabela367[Presenças Previstas],Tabela367[Período],G$44,Tabela367[Curso],CALC!$J$4,Tabela367[Disciplina],$B51),""))) | H51: =IF(OR(H$44="",$B51=""),"",IF(COUNTIFS(Tabela367[Período],H$44,Tabela367[Curso],CALC!$J$4,Tabela367[Disciplina],$B51)=0,"",IFERROR(SUMIFS(Tabela367[Presenças Registradas],Tabela367[Período],H$44,Tabela367[Curso],CALC!$J$4,Tabela367[Disciplina],$B51)/SUMIFS(Tabela367[Presenças Previstas],Tabela367[Período],H$44,Tabela367[Curso],CALC!$J$4,Tabela367[Disciplina],$B51),""))) | I51: =IF(OR(I$44="",$B51=""),"",IF(COUNTIFS(Tabela367[Período],I$44,Tabela367[Curso],CALC!$J$4,Tabela367[Disciplina],$B51)=0,"",IFERROR(SUMIFS(Tabela367[Presenças Registradas],Tabela367[Período],I$44,Tabela367[Curso],CALC!$J$4,Tabela367[Disciplina],$B51)/SUMIFS(Tabela367[Presenças Previstas],Tabela367[Período],I$44,Tabela367[Curso],CALC!$J$4,Tabela367[Disciplina],$B51),""))) | J51: =IF(OR(J$44="",$B51=""),"",IF(COUNTIFS(Tabela367[Período],J$44,Tabela367[Curso],CALC!$J$4,Tabela367[Disciplina],$B51)=0,"",IFERROR(SUMIFS(Tabela367[Presenças Registradas],Tabela367[Período],J$44,Tabela367[Curso],CALC!$J$4,Tabela367[Disciplina],$B51)/SUMIFS(Tabela367[Presenças Previstas],Tabela367[Período],J$44,Tabela367[Curso],CALC!$J$4,Tabela367[Disciplina],$B51),""))) | ... N51: =IF(OR(N$44="",$B51=""),"",IF(COUNTIFS(Tabela367[Período],N$44,Tabela367[Curso],CALC!$J$4,Tabela367[Disciplina],$B51)=0,"",IFERROR(SUMIFS(Tabela367[Presenças Registradas],Tabela367[Período],N$44,Tabela367[Curso],CALC!$J$4,Tabela367[Disciplina],$B51)/SUMIFS(Tabela367[Presenças Previstas],Tabela367[Período],N$44,Tabela367[Curso],CALC!$J$4,Tabela367[Disciplina],$B51),"")))
A52: =IF($B52="","",CALC!$J$4) | B52: =IFERROR(INDEX(DISCIPLINAS!$B$5:$B$101,SMALL(IF(DISCIPLINAS!$A$5:$A$101=CALC!$J$4,ROW(DISCIPLINAS!$A$5:$A$101)-5+1),8)),"") | C52: =IF(OR(C$44="",$B52=""),"",IF(COUNTIFS(Tabela367[Período],C$44,Tabela367[Curso],CALC!$J$4,Tabela367[Disciplina],$B52)=0,"",IFERROR(SUMIFS(Tabela367[Presenças Registradas],Tabela367[Período],C$44,Tabela367[Curso],CALC!$J$4,Tabela367[Disciplina],$B52)/SUMIFS(Tabela367[Presenças Previstas],Tabela367[Período],C$44,Tabela367[Curso],CALC!$J$4,Tabela367[Disciplina],$B52),""))) | D52: =IF(OR(D$44="",$B52=""),"",IF(COUNTIFS(Tabela367[Período],D$44,Tabela367[Curso],CALC!$J$4,Tabela367[Disciplina],$B52)=0,"",IFERROR(SUMIFS(Tabela367[Presenças Registradas],Tabela367[Período],D$44,Tabela367[Curso],CALC!$J$4,Tabela367[Disciplina],$B52)/SUMIFS(Tabela367[Presenças Previstas],Tabela367[Período],D$44,Tabela367[Curso],CALC!$J$4,Tabela367[Disciplina],$B52),""))) | E52: =IF(OR(E$44="",$B52=""),"",IF(COUNTIFS(Tabela367[Período],E$44,Tabela367[Curso],CALC!$J$4,Tabela367[Disciplina],$B52)=0,"",IFERROR(SUMIFS(Tabela367[Presenças Registradas],Tabela367[Período],E$44,Tabela367[Curso],CALC!$J$4,Tabela367[Disciplina],$B52)/SUMIFS(Tabela367[Presenças Previstas],Tabela367[Período],E$44,Tabela367[Curso],CALC!$J$4,Tabela367[Disciplina],$B52),""))) | F52: =IF(OR(F$44="",$B52=""),"",IF(COUNTIFS(Tabela367[Período],F$44,Tabela367[Curso],CALC!$J$4,Tabela367[Disciplina],$B52)=0,"",IFERROR(SUMIFS(Tabela367[Presenças Registradas],Tabela367[Período],F$44,Tabela367[Curso],CALC!$J$4,Tabela367[Disciplina],$B52)/SUMIFS(Tabela367[Presenças Previstas],Tabela367[Período],F$44,Tabela367[Curso],CALC!$J$4,Tabela367[Disciplina],$B52),""))) | G52: =IF(OR(G$44="",$B52=""),"",IF(COUNTIFS(Tabela367[Período],G$44,Tabela367[Curso],CALC!$J$4,Tabela367[Disciplina],$B52)=0,"",IFERROR(SUMIFS(Tabela367[Presenças Registradas],Tabela367[Período],G$44,Tabela367[Curso],CALC!$J$4,Tabela367[Disciplina],$B52)/SUMIFS(Tabela367[Presenças Previstas],Tabela367[Período],G$44,Tabela367[Curso],CALC!$J$4,Tabela367[Disciplina],$B52),""))) | H52: =IF(OR(H$44="",$B52=""),"",IF(COUNTIFS(Tabela367[Período],H$44,Tabela367[Curso],CALC!$J$4,Tabela367[Disciplina],$B52)=0,"",IFERROR(SUMIFS(Tabela367[Presenças Registradas],Tabela367[Período],H$44,Tabela367[Curso],CALC!$J$4,Tabela367[Disciplina],$B52)/SUMIFS(Tabela367[Presenças Previstas],Tabela367[Período],H$44,Tabela367[Curso],CALC!$J$4,Tabela367[Disciplina],$B52),""))) | I52: =IF(OR(I$44="",$B52=""),"",IF(COUNTIFS(Tabela367[Período],I$44,Tabela367[Curso],CALC!$J$4,Tabela367[Disciplina],$B52)=0,"",IFERROR(SUMIFS(Tabela367[Presenças Registradas],Tabela367[Período],I$44,Tabela367[Curso],CALC!$J$4,Tabela367[Disciplina],$B52)/SUMIFS(Tabela367[Presenças Previstas],Tabela367[Período],I$44,Tabela367[Curso],CALC!$J$4,Tabela367[Disciplina],$B52),""))) | J52: =IF(OR(J$44="",$B52=""),"",IF(COUNTIFS(Tabela367[Período],J$44,Tabela367[Curso],CALC!$J$4,Tabela367[Disciplina],$B52)=0,"",IFERROR(SUMIFS(Tabela367[Presenças Registradas],Tabela367[Período],J$44,Tabela367[Curso],CALC!$J$4,Tabela367[Disciplina],$B52)/SUMIFS(Tabela367[Presenças Previstas],Tabela367[Período],J$44,Tabela367[Curso],CALC!$J$4,Tabela367[Disciplina],$B52),""))) | ... N52: =IF(OR(N$44="",$B52=""),"",IF(COUNTIFS(Tabela367[Período],N$44,Tabela367[Curso],CALC!$J$4,Tabela367[Disciplina],$B52)=0,"",IFERROR(SUMIFS(Tabela367[Presenças Registradas],Tabela367[Período],N$44,Tabela367[Curso],CALC!$J$4,Tabela367[Disciplina],$B52)/SUMIFS(Tabela367[Presenças Previstas],Tabela367[Período],N$44,Tabela367[Curso],CALC!$J$4,Tabela367[Disciplina],$B52),"")))
A53: A coluna Disciplina usa fórmula matricial. Se aparecer vazia com o curso escolhido, confirme a aba DISCIPLINAS ou pressione Ctrl+Shift+Enter na célula.

Sheet PLANO_DE_ACAO
A1: PLANO DE AÇÃO — OBRIGATÓRIO PARA RECORTE FORA DA META
A2: Abrir em até 5 dias úteis após a Reunião Mensal. O recorte pode ser a área, um curso ou 'Curso » Disciplina'.
A4: COBERTURA NO MÊS DE REFERÊNCIA
A5: Recortes fora da meta | B5: =COUNTIF(CALC!$K$41:$K$49,"Fora da meta")+COUNTIF(CALC!$J$37,"Fora da meta")+COUNTIF(CALC!$H$74:$H$82,"Fora da meta")+COUNTIF(CALC!$J$70,"Fora da meta")+COUNTIF(CALC!$I$107:$I$115,"Fora da meta")+COUNTIF(CALC!$J$103,"Fora da meta")+COUNTIF(CALC!$H$121:$H$158,"Fora da meta") | C5: Planos abertos | D5: =COUNTIFS($B$9:$B$308,PARAMETROS!$B$7) | E5: Cobertura | F5: =IF($B$5=0,"—",IFERROR($D$5/$B$5,"")) | G5: =IF($B$5=0,"Nenhum recorte fora da meta neste mês.",IF($D$5>=$B$5,"Cobertura completa.","FALTAM PLANOS: há recorte fora da meta sem plano de ação aberto."))
A8: Nº | B8: Mês | C8: KPI | D8: Recorte afetado | E8: Resultado | F8: Meta | G8: Problema identificado | H8: Causa provável | I8: Ação corretiva | J8: Responsável | K8: Prazo | L8: Meta da ação | M8: Status | N8: Dias p/ o prazo
N9: =IF($K9="","",IF($M9="Concluído","—",DATEVALUE($K9)-TODAY()))
N10: =IF($K10="","",IF($M10="Concluído","—",DATEVALUE($K10)-TODAY()))
N11: =IF($K11="","",IF($M11="Concluído","—",DATEVALUE($K11)-TODAY()))
N12: =IF($K12="","",IF($M12="Concluído","—",DATEVALUE($K12)-TODAY()))
N13: =IF($K13="","",IF($M13="Concluído","—",DATEVALUE($K13)-TODAY()))
N14: =IF($K14="","",IF($M14="Concluído","—",DATEVALUE($K14)-TODAY()))
N15: =IF($K15="","",IF($M15="Concluído","—",DATEVALUE($K15)-TODAY()))
N16: =IF($K16="","",IF($M16="Concluído","—",DATEVALUE($K16)-TODAY()))
N17: =IF($K17="","",IF($M17="Concluído","—",DATEVALUE($K17)-TODAY()))
N18: =IF($K18="","",IF($M18="Concluído","—",DATEVALUE($K18)-TODAY()))
N19: =IF($K19="","",IF($M19="Concluído","—",DATEVALUE($K19)-TODAY()))
N20: =IF($K20="","",IF($M20="Concluído","—",DATEVALUE($K20)-TODAY()))
... N308: =IF($K308="","",IF($M308="Concluído","—",DATEVALUE($K308)-TODAY()))
A310: As primeiras linhas são exemplos ligados aos recortes que estão fora da meta — apague antes do uso real. Sem plano registrado, o KPI permanece formalmente em alerta. Para recorte de disciplina, use o texto da coluna 'Recorte para METAS' da aba DISCIPLINAS.

Sheet NPS DISCENTES
A1: ENTRADA — DTNH-01 · NPS Discente da Área
A2: Periodicidade de alimentação: Mensal. Uma linha por período e curso. Colunas amarelas de preenchimento; "Valor da Linha" é calculada.
A4: Período | B4: Curso | C4: Respondentes | D4: Promotores (9-10) | E4: Neutros (7-8) | F4: Detratores (0-6) | G4: Valor da Linha | H4: Data do lançamento | I4: Lançado por | J4: Validação da linha
A5: 2026-06 | B5: Administração | C5: 110 | D5: 65 | E5: 29 | F5: 16 | G5: =IFERROR((D5-F5)/C5*100,"") | H5: 2026-08-10 | I5: mateus.valentim@ivc.br | J5: =IF(COUNTA(A5:F5)=0,"",IF(OR(C5<0,D5<0,E5<0,F5<0),"ERRO: valor negativo",IF(C5<>SUM(D5:F5),"ERRO: categorias diferem dos respondentes",IF(COUNTIFS($A$5:$A$1200,A5,$B$5:$B$1200,B5)>1,"ERRO: período e curso duplicados","OK"))))
A6: 2026-06 | B6: Agronomia | C6: 55 | D6: 28 | E6: 17 | F6: 10 | G6: =IFERROR((D6-F6)/C6*100,"") | H6: 2026-08-10 | I6: mateus.valentim@ivc.br | J6: =IF(COUNTA(A6:F6)=0,"",IF(OR(C6<0,D6<0,E6<0,F6<0),"ERRO: valor negativo",IF(C6<>SUM(D6:F6),"ERRO: categorias diferem dos respondentes",IF(COUNTIFS($A$5:$A$1200,A6,$B$5:$B$1200,B6)>1,"ERRO: período e curso duplicados","OK"))))
A7: 2026-06 | B7: Análise e Desenvolvimento de Sistemas | C7: 119 | D7: 49 | E7: 51 | F7: 19 | G7: =IFERROR((D7-F7)/C7*100,"") | H7: 2026-08-10 | I7: mateus.valentim@ivc.br | J7: =IF(COUNTA(A7:F7)=0,"",IF(OR(C7<0,D7<0,E7<0,F7<0),"ERRO: valor negativo",IF(C7<>SUM(D7:F7),"ERRO: categorias diferem dos respondentes",IF(COUNTIFS($A$5:$A$1200,A7,$B$5:$B$1200,B7)>1,"ERRO: período e curso duplicados","OK"))))
A8: 2026-06 | B8: Ciências Contábeis | C8: 84 | D8: 32 | E8: 39 | F8: 13 | G8: =IFERROR((D8-F8)/C8*100,"") | H8: 2026-08-10 | I8: mateus.valentim@ivc.br | J8: =IF(COUNTA(A8:F8)=0,"",IF(OR(C8<0,D8<0,E8<0,F8<0),"ERRO: valor negativo",IF(C8<>SUM(D8:F8),"ERRO: categorias diferem dos respondentes",IF(COUNTIFS($A$5:$A$1200,A8,$B$5:$B$1200,B8)>1,"ERRO: período e curso duplicados","OK"))))
A9: 2026-06 | B9: Comunicação Social | C9: 56 | D9: 30 | E9: 14 | F9: 12 | G9: =IFERROR((D9-F9)/C9*100,"") | H9: 2026-08-10 | I9: mateus.valentim@ivc.br | J9: =IF(COUNTA(A9:F9)=0,"",IF(OR(C9<0,D9<0,E9<0,F9<0),"ERRO: valor negativo",IF(C9<>SUM(D9:F9),"ERRO: categorias diferem dos respondentes",IF(COUNTIFS($A$5:$A$1200,A9,$B$5:$B$1200,B9)>1,"ERRO: período e curso duplicados","OK"))))
A10: 2026-06 | B10: Direito | C10: 194 | D10: 101 | E10: 57 | F10: 36 | G10: =IFERROR((D10-F10)/C10*100,"") | H10: 2026-08-10 | I10: mateus.valentim@ivc.br | J10: =IF(COUNTA(A10:F10)=0,"",IF(OR(C10<0,D10<0,E10<0,F10<0),"ERRO: valor negativo",IF(C10<>SUM(D10:F10),"ERRO: categorias diferem dos respondentes",IF(COUNTIFS($A$5:$A$1200,A10,$B$5:$B$1200,B10)>1,"ERRO: período e curso duplicados","OK"))))
A11: 2026-06 | B11: Engenharia de Produção | C11: 62 | D11: 34 | E11: 20 | F11: 8 | G11: =IFERROR((D11-F11)/C11*100,"") | H11: 2026-08-10 | I11: mateus.valentim@ivc.br | J11: =IF(COUNTA(A11:F11)=0,"",IF(OR(C11<0,D11<0,E11<0,F11<0),"ERRO: valor negativo",IF(C11<>SUM(D11:F11),"ERRO: categorias diferem dos respondentes",IF(COUNTIFS($A$5:$A$1200,A11,$B$5:$B$1200,B11)>1,"ERRO: período e curso duplicados","OK"))))
A12: 2026-06 | B12: Engenharia Mecânica | C12: 92 | D12: 53 | E12: 28 | F12: 11 | G12: =IFERROR((D12-F12)/C12*100,"") | H12: 2026-08-10 | I12: mateus.valentim@ivc.br | J12: =IF(COUNTA(A12:F12)=0,"",IF(OR(C12<0,D12<0,E12<0,F12<0),"ERRO: valor negativo",IF(C12<>SUM(D12:F12),"ERRO: categorias diferem dos respondentes",IF(COUNTIFS($A$5:$A$1200,A12,$B$5:$B$1200,B12)>1,"ERRO: período e curso duplicados","OK"))))
A13: 2026-07 | B13: Administração | C13: 82 | D13: 44 | E13: 32 | F13: 6 | G13: =IFERROR((D13-F13)/C13*100,"") | H13: 2026-08-10 | I13: mateus.valentim@ivc.br | J13: =IF(COUNTA(A13:F13)=0,"",IF(OR(C13<0,D13<0,E13<0,F13<0),"ERRO: valor negativo",IF(C13<>SUM(D13:F13),"ERRO: categorias diferem dos respondentes",IF(COUNTIFS($A$5:$A$1200,A13,$B$5:$B$1200,B13)>1,"ERRO: período e curso duplicados","OK"))))
A14: 2026-07 | B14: Agronomia | C14: 52 | D14: 36 | E14: 8 | F14: 8 | G14: =IFERROR((D14-F14)/C14*100,"") | H14: 2026-08-10 | I14: mateus.valentim@ivc.br | J14: =IF(COUNTA(A14:F14)=0,"",IF(OR(C14<0,D14<0,E14<0,F14<0),"ERRO: valor negativo",IF(C14<>SUM(D14:F14),"ERRO: categorias diferem dos respondentes",IF(COUNTIFS($A$5:$A$1200,A14,$B$5:$B$1200,B14)>1,"ERRO: período e curso duplicados","OK"))))
A15: 2026-07 | B15: Análise e Desenvolvimento de Sistemas | C15: 133 | D15: 52 | E15: 64 | F15: 17 | G15: =IFERROR((D15-F15)/C15*100,"") | H15: 2026-08-10 | I15: mateus.valentim@ivc.br | J15: =IF(COUNTA(A15:F15)=0,"",IF(OR(C15<0,D15<0,E15<0,F15<0),"ERRO: valor negativo",IF(C15<>SUM(D15:F15),"ERRO: categorias diferem dos respondentes",IF(COUNTIFS($A$5:$A$1200,A15,$B$5:$B$1200,B15)>1,"ERRO: período e curso duplicados","OK"))))
A16: 2026-07 | B16: Ciências Contábeis | C16: 86 | D16: 33 | E16: 41 | F16: 12 | G16: =IFERROR((D16-F16)/C16*100,"") | H16: 2026-08-10 | I16: mateus.valentim@ivc.br | J16: =IF(COUNTA(A16:F16)=0,"",IF(OR(C16<0,D16<0,E16<0,F16<0),"ERRO: valor negativo",IF(C16<>SUM(D16:F16),"ERRO: categorias diferem dos respondentes",IF(COUNTIFS($A$5:$A$1200,A16,$B$5:$B$1200,B16)>1,"ERRO: período e curso duplicados","OK"))))
... A28: 2026-08 | B28: Engenharia Mecânica | C28: 73 | D28: 42 | E28: 21 | F28: 10 | G28: =IFERROR((D28-F28)/C28*100,"") | H28: 2026-08-10 | I28: mateus.valentim@ivc.br | J28: =IF(COUNTA(A28:F28)=0,"",IF(OR(C28<0,D28<0,E28<0,F28<0),"ERRO: valor negativo",IF(C28<>SUM(D28:F28),"ERRO: categorias diferem dos respondentes",IF(COUNTIFS($A$5:$A$1200,A28,$B$5:$B$1200,B28)>1,"ERRO: período e curso duplicados","OK"))))
G29: =IFERROR((D29-F29)/C29*100,"") | J29: =IF(COUNTA(A29:F29)=0,"",IF(OR(C29<0,D29<0,E29<0,F29<0),"ERRO: valor negativo",IF(C29<>SUM(D29:F29),"ERRO: categorias diferem dos respondentes",IF(COUNTIFS($A$5:$A$1200,A29,$B$5:$B$1200,B29)>1,"ERRO: período e curso duplicados","OK"))))
G30: =IFERROR((D30-F30)/C30*100,"") | J30: =IF(COUNTA(A30:F30)=0,"",IF(OR(C30<0,D30<0,E30<0,F30<0),"ERRO: valor negativo",IF(C30<>SUM(D30:F30),"ERRO: categorias diferem dos respondentes",IF(COUNTIFS($A$5:$A$1200,A30,$B$5:$B$1200,B30)>1,"ERRO: período e curso duplicados","OK"))))
G31: =IFERROR((D31-F31)/C31*100,"") | J31: =IF(COUNTA(A31:F31)=0,"",IF(OR(C31<0,D31<0,E31<0,F31<0),"ERRO: valor negativo",IF(C31<>SUM(D31:F31),"ERRO: categorias diferem dos respondentes",IF(COUNTIFS($A$5:$A$1200,A31,$B$5:$B$1200,B31)>1,"ERRO: período e curso duplicados","OK"))))
G32: =IFERROR((D32-F32)/C32*100,"") | J32: =IF(COUNTA(A32:F32)=0,"",IF(OR(C32<0,D32<0,E32<0,F32<0),"ERRO: valor negativo",IF(C32<>SUM(D32:F32),"ERRO: categorias diferem dos respondentes",IF(COUNTIFS($A$5:$A$1200,A32,$B$5:$B$1200,B32)>1,"ERRO: período e curso duplicados","OK"))))
G33: =IFERROR((D33-F33)/C33*100,"") | J33: =IF(COUNTA(A33:F33)=0,"",IF(OR(C33<0,D33<0,E33<0,F33<0),"ERRO: valor negativo",IF(C33<>SUM(D33:F33),"ERRO: categorias diferem dos respondentes",IF(COUNTIFS($A$5:$A$1200,A33,$B$5:$B$1200,B33)>1,"ERRO: período e curso duplicados","OK"))))
G34: =IFERROR((D34-F34)/C34*100,"") | J34: =IF(COUNTA(A34:F34)=0,"",IF(OR(C34<0,D34<0,E34<0,F34<0),"ERRO: valor negativo",IF(C34<>SUM(D34:F34),"ERRO: categorias diferem dos respondentes",IF(COUNTIFS($A$5:$A$1200,A34,$B$5:$B$1200,B34)>1,"ERRO: período e curso duplicados","OK"))))
G35: =IFERROR((D35-F35)/C35*100,"") | J35: =IF(COUNTA(A35:F35)=0,"",IF(OR(C35<0,D35<0,E35<0,F35<0),"ERRO: valor negativo",IF(C35<>SUM(D35:F35),"ERRO: categorias diferem dos respondentes",IF(COUNTIFS($A$5:$A$1200,A35,$B$5:$B$1200,B35)>1,"ERRO: período e curso duplicados","OK"))))
G36: =IFERROR((D36-F36)/C36*100,"") | J36: =IF(COUNTA(A36:F36)=0,"",IF(OR(C36<0,D36<0,E36<0,F36<0),"ERRO: valor negativo",IF(C36<>SUM(D36:F36),"ERRO: categorias diferem dos respondentes",IF(COUNTIFS($A$5:$A$1200,A36,$B$5:$B$1200,B36)>1,"ERRO: período e curso duplicados","OK"))))
G37: =IFERROR((D37-F37)/C37*100,"") | J37: =IF(COUNTA(A37:F37)=0,"",IF(OR(C37<0,D37<0,E37<0,F37<0),"ERRO: valor negativo",IF(C37<>SUM(D37:F37),"ERRO: categorias diferem dos respondentes",IF(COUNTIFS($A$5:$A$1200,A37,$B$5:$B$1200,B37)>1,"ERRO: período e curso duplicados","OK"))))
G38: =IFERROR((D38-F38)/C38*100,"") | J38: =IF(COUNTA(A38:F38)=0,"",IF(OR(C38<0,D38<0,E38<0,F38<0),"ERRO: valor negativo",IF(C38<>SUM(D38:F38),"ERRO: categorias diferem dos respondentes",IF(COUNTIFS($A$5:$A$1200,A38,$B$5:$B$1200,B38)>1,"ERRO: período e curso duplicados","OK"))))
G39: =IFERROR((D39-F39)/C39*100,"") | J39: =IF(COUNTA(A39:F39)=0,"",IF(OR(C39<0,D39<0,E39<0,F39<0),"ERRO: valor negativo",IF(C39<>SUM(D39:F39),"ERRO: categorias diferem dos respondentes",IF(COUNTIFS($A$5:$A$1200,A39,$B$5:$B$1200,B39)>1,"ERRO: período e curso duplicados","OK"))))
G40: =IFERROR((D40-F40)/C40*100,"") | J40: =IF(COUNTA(A40:F40)=0,"",IF(OR(C40<0,D40<0,E40<0,F40<0),"ERRO: valor negativo",IF(C40<>SUM(D40:F40),"ERRO: categorias diferem dos respondentes",IF(COUNTIFS($A$5:$A$1200,A40,$B$5:$B$1200,B40)>1,"ERRO: período e curso duplicados","OK"))))
... G1200: =IFERROR((D1200-F1200)/C1200*100,"") | J1200: =IF(COUNTA(A1200:F1200)=0,"",IF(OR(C1200<0,D1200<0,E1200<0,F1200<0),"ERRO: valor negativo",IF(C1200<>SUM(D1200:F1200),"ERRO: categorias diferem dos respondentes",IF(COUNTIFS($A$5:$A$1200,A1200,$B$5:$B$1200,B1200)>1,"ERRO: período e curso duplicados","OK"))))

Sheet MATRICULAS ATIVAS
A1: ENTRADA — DTNH-02 · Matrículas Ativas por Curso
A2: Periodicidade de alimentação: Mensal. Uma linha por período e curso. Colunas amarelas de preenchimento; "Valor da Linha" é calculada.
A4: Período | B4: Curso | C4: Matrículas Ativas | D4: Valor da Linha | E4: Data de Lançamento | F4: Lançado por | G4: Validação da linha
A5: 2026-06 | B5: Administração | C5: 198 | D5: =IFERROR(C5,"") | E5: 2026-08-10 | F5: mateus.valentim@ivc.br | G5: =IF(COUNTA(A5:C5)=0,"",IF(C5<0,"ERRO: matrícula negativa",IF(COUNTIFS($A$5:$A$1200,A5,$B$5:$B$1200,B5)>1,"ERRO: período e curso duplicados","OK")))
A6: 2026-06 | B6: Agronomia | C6: 124 | D6: =IFERROR(C6,"") | E6: 2026-08-10 | F6: mateus.valentim@ivc.br | G6: =IF(COUNTA(A6:C6)=0,"",IF(C6<0,"ERRO: matrícula negativa",IF(COUNTIFS($A$5:$A$1200,A6,$B$5:$B$1200,B6)>1,"ERRO: período e curso duplicados","OK")))
A7: 2026-06 | B7: Análise e Desenvolvimento de Sistemas | C7: 243 | D7: =IFERROR(C7,"") | E7: 2026-08-10 | F7: mateus.valentim@ivc.br | G7: =IF(COUNTA(A7:C7)=0,"",IF(C7<0,"ERRO: matrícula negativa",IF(COUNTIFS($A$5:$A$1200,A7,$B$5:$B$1200,B7)>1,"ERRO: período e curso duplicados","OK")))
A8: 2026-06 | B8: Ciências Contábeis | C8: 189 | D8: =IFERROR(C8,"") | E8: 2026-08-10 | F8: mateus.valentim@ivc.br | G8: =IF(COUNTA(A8:C8)=0,"",IF(C8<0,"ERRO: matrícula negativa",IF(COUNTIFS($A$5:$A$1200,A8,$B$5:$B$1200,B8)>1,"ERRO: período e curso duplicados","OK")))
A9: 2026-06 | B9: Comunicação Social | C9: 101 | D9: =IFERROR(C9,"") | E9: 2026-08-10 | F9: mateus.valentim@ivc.br | G9: =IF(COUNTA(A9:C9)=0,"",IF(C9<0,"ERRO: matrícula negativa",IF(COUNTIFS($A$5:$A$1200,A9,$B$5:$B$1200,B9)>1,"ERRO: período e curso duplicados","OK")))
A10: 2026-06 | B10: Direito | C10: 351 | D10: =IFERROR(C10,"") | E10: 2026-08-10 | F10: mateus.valentim@ivc.br | G10: =IF(COUNTA(A10:C10)=0,"",IF(C10<0,"ERRO: matrícula negativa",IF(COUNTIFS($A$5:$A$1200,A10,$B$5:$B$1200,B10)>1,"ERRO: período e curso duplicados","OK")))
A11: 2026-06 | B11: Engenharia de Produção | C11: 143 | D11: =IFERROR(C11,"") | E11: 2026-08-10 | F11: mateus.valentim@ivc.br | G11: =IF(COUNTA(A11:C11)=0,"",IF(C11<0,"ERRO: matrícula negativa",IF(COUNTIFS($A$5:$A$1200,A11,$B$5:$B$1200,B11)>1,"ERRO: período e curso duplicados","OK")))
A12: 2026-06 | B12: Engenharia Mecânica | C12: 166 | D12: =IFERROR(C12,"") | E12: 2026-08-10 | F12: mateus.valentim@ivc.br | G12: =IF(COUNTA(A12:C12)=0,"",IF(C12<0,"ERRO: matrícula negativa",IF(COUNTIFS($A$5:$A$1200,A12,$B$5:$B$1200,B12)>1,"ERRO: período e curso duplicados","OK")))
A13: 2026-07 | B13: Administração | C13: 194 | D13: =IFERROR(C13,"") | E13: 2026-08-10 | F13: mateus.valentim@ivc.br | G13: =IF(COUNTA(A13:C13)=0,"",IF(C13<0,"ERRO: matrícula negativa",IF(COUNTIFS($A$5:$A$1200,A13,$B$5:$B$1200,B13)>1,"ERRO: período e curso duplicados","OK")))
A14: 2026-07 | B14: Agronomia | C14: 117 | D14: =IFERROR(C14,"") | E14: 2026-08-10 | F14: mateus.valentim@ivc.br | G14: =IF(COUNTA(A14:C14)=0,"",IF(C14<0,"ERRO: matrícula negativa",IF(COUNTIFS($A$5:$A$1200,A14,$B$5:$B$1200,B14)>1,"ERRO: período e curso duplicados","OK")))
A15: 2026-07 | B15: Análise e Desenvolvimento de Sistemas | C15: 235 | D15: =IFERROR(C15,"") | E15: 2026-08-10 | F15: mateus.valentim@ivc.br | G15: =IF(COUNTA(A15:C15)=0,"",IF(C15<0,"ERRO: matrícula negativa",IF(COUNTIFS($A$5:$A$1200,A15,$B$5:$B$1200,B15)>1,"ERRO: período e curso duplicados","OK")))
A16: 2026-07 | B16: Ciências Contábeis | C16: 184 | D16: =IFERROR(C16,"") | E16: 2026-08-10 | F16: mateus.valentim@ivc.br | G16: =IF(COUNTA(A16:C16)=0,"",IF(C16<0,"ERRO: matrícula negativa",IF(COUNTIFS($A$5:$A$1200,A16,$B$5:$B$1200,B16)>1,"ERRO: período e curso duplicados","OK")))
... A28: 2026-08 | B28: Engenharia Mecânica | C28: 159 | D28: =IFERROR(C28,"") | E28: 2026-08-10 | F28: mateus.valentim@ivc.br | G28: =IF(COUNTA(A28:C28)=0,"",IF(C28<0,"ERRO: matrícula negativa",IF(COUNTIFS($A$5:$A$1200,A28,$B$5:$B$1200,B28)>1,"ERRO: período e curso duplicados","OK")))
D29: =IFERROR(C29,"") | G29: =IF(COUNTA(A29:C29)=0,"",IF(C29<0,"ERRO: matrícula negativa",IF(COUNTIFS($A$5:$A$1200,A29,$B$5:$B$1200,B29)>1,"ERRO: período e curso duplicados","OK")))
D30: =IFERROR(C30,"") | G30: =IF(COUNTA(A30:C30)=0,"",IF(C30<0,"ERRO: matrícula negativa",IF(COUNTIFS($A$5:$A$1200,A30,$B$5:$B$1200,B30)>1,"ERRO: período e curso duplicados","OK")))
D31: =IFERROR(C31,"") | G31: =IF(COUNTA(A31:C31)=0,"",IF(C31<0,"ERRO: matrícula negativa",IF(COUNTIFS($A$5:$A$1200,A31,$B$5:$B$1200,B31)>1,"ERRO: período e curso duplicados","OK")))
D32: =IFERROR(C32,"") | G32: =IF(COUNTA(A32:C32)=0,"",IF(C32<0,"ERRO: matrícula negativa",IF(COUNTIFS($A$5:$A$1200,A32,$B$5:$B$1200,B32)>1,"ERRO: período e curso duplicados","OK")))
D33: =IFERROR(C33,"") | G33: =IF(COUNTA(A33:C33)=0,"",IF(C33<0,"ERRO: matrícula negativa",IF(COUNTIFS($A$5:$A$1200,A33,$B$5:$B$1200,B33)>1,"ERRO: período e curso duplicados","OK")))
D34: =IFERROR(C34,"") | G34: =IF(COUNTA(A34:C34)=0,"",IF(C34<0,"ERRO: matrícula negativa",IF(COUNTIFS($A$5:$A$1200,A34,$B$5:$B$1200,B34)>1,"ERRO: período e curso duplicados","OK")))
D35: =IFERROR(C35,"") | G35: =IF(COUNTA(A35:C35)=0,"",IF(C35<0,"ERRO: matrícula negativa",IF(COUNTIFS($A$5:$A$1200,A35,$B$5:$B$1200,B35)>1,"ERRO: período e curso duplicados","OK")))
D36: =IFERROR(C36,"") | G36: =IF(COUNTA(A36:C36)=0,"",IF(C36<0,"ERRO: matrícula negativa",IF(COUNTIFS($A$5:$A$1200,A36,$B$5:$B$1200,B36)>1,"ERRO: período e curso duplicados","OK")))
D37: =IFERROR(C37,"") | G37: =IF(COUNTA(A37:C37)=0,"",IF(C37<0,"ERRO: matrícula negativa",IF(COUNTIFS($A$5:$A$1200,A37,$B$5:$B$1200,B37)>1,"ERRO: período e curso duplicados","OK")))
D38: =IFERROR(C38,"") | G38: =IF(COUNTA(A38:C38)=0,"",IF(C38<0,"ERRO: matrícula negativa",IF(COUNTIFS($A$5:$A$1200,A38,$B$5:$B$1200,B38)>1,"ERRO: período e curso duplicados","OK")))
D39: =IFERROR(C39,"") | G39: =IF(COUNTA(A39:C39)=0,"",IF(C39<0,"ERRO: matrícula negativa",IF(COUNTIFS($A$5:$A$1200,A39,$B$5:$B$1200,B39)>1,"ERRO: período e curso duplicados","OK")))
D40: =IFERROR(C40,"") | G40: =IF(COUNTA(A40:C40)=0,"",IF(C40<0,"ERRO: matrícula negativa",IF(COUNTIFS($A$5:$A$1200,A40,$B$5:$B$1200,B40)>1,"ERRO: período e curso duplicados","OK")))
... D1200: =IFERROR(C1200,"") | G1200: =IF(COUNTA(A1200:C1200)=0,"",IF(C1200<0,"ERRO: matrícula negativa",IF(COUNTIFS($A$5:$A$1200,A1200,$B$5:$B$1200,B1200)>1,"ERRO: período e curso duplicados","OK")))

Sheet FREQUÊNCIA MÉDIA
A1: ENTRADA — DTNH-03 · Frequência Média Discente
A2: Periodicidade de alimentação: Mensal. Uma linha por mês, curso e disciplina. Colunas amarelas de preenchimento; "Valor da Linha" é calculada.
A4: Período | B4: Curso | C4: Disciplina | D4: Presenças Previstas | E4: Presenças Registradas | F4: Valor da Linha | G4: Data de Lançamento | H4: Lançado Por | I4: Validação da linha
A5: 2026-06 | B5: Administração | C5: Teoria Geral da Administração | D5: 3168 | E5: 2309 | F5: =IFERROR(E5/D5,"") | G5: 2026-08-10 | H5: mateus.valentim@ivc.br | I5: =IF(COUNTA(A5:E5)=0,"",IF(OR(D5<=0,E5<0),"ERRO: bases inválidas",IF(E5>D5,"ERRO: presenças acima do previsto",IF(COUNTIFS($A$5:$A$1200,A5,$B$5:$B$1200,B5,$C$5:$C$1200,C5)>1,"ERRO: chave duplicada",IF(COUNTIFS(DISCIPLINAS!$A$5:$A$101,B5,DISCIPLINAS!$B$5:$B$101,C5)=0,"ERRO: disciplina não pertence ao curso","OK")))))
A6: 2026-06 | B6: Administração | C6: Gestão Financeira | D6: 3062 | E6: 2472 | F6: =IFERROR(E6/D6,"") | G6: 2026-08-10 | H6: mateus.valentim@ivc.br | I6: =IF(COUNTA(A6:E6)=0,"",IF(OR(D6<=0,E6<0),"ERRO: bases inválidas",IF(E6>D6,"ERRO: presenças acima do previsto",IF(COUNTIFS($A$5:$A$1200,A6,$B$5:$B$1200,B6,$C$5:$C$1200,C6)>1,"ERRO: chave duplicada",IF(COUNTIFS(DISCIPLINAS!$A$5:$A$101,B6,DISCIPLINAS!$B$5:$B$101,C6)=0,"ERRO: disciplina não pertence ao curso","OK")))))
A7: 2026-06 | B7: Administração | C7: Marketing | D7: 3177 | E7: 2571 | F7: =IFERROR(E7/D7,"") | G7: 2026-08-10 | H7: mateus.valentim@ivc.br | I7: =IF(COUNTA(A7:E7)=0,"",IF(OR(D7<=0,E7<0),"ERRO: bases inválidas",IF(E7>D7,"ERRO: presenças acima do previsto",IF(COUNTIFS($A$5:$A$1200,A7,$B$5:$B$1200,B7,$C$5:$C$1200,C7)>1,"ERRO: chave duplicada",IF(COUNTIFS(DISCIPLINAS!$A$5:$A$101,B7,DISCIPLINAS!$B$5:$B$101,C7)=0,"ERRO: disciplina não pertence ao curso","OK")))))
A8: 2026-06 | B8: Administração | C8: Gestão de Pessoas | D8: 3291 | E8: 2477 | F8: =IFERROR(E8/D8,"") | G8: 2026-08-10 | H8: mateus.valentim@ivc.br | I8: =IF(COUNTA(A8:E8)=0,"",IF(OR(D8<=0,E8<0),"ERRO: bases inválidas",IF(E8>D8,"ERRO: presenças acima do previsto",IF(COUNTIFS($A$5:$A$1200,A8,$B$5:$B$1200,B8,$C$5:$C$1200,C8)>1,"ERRO: chave duplicada",IF(COUNTIFS(DISCIPLINAS!$A$5:$A$101,B8,DISCIPLINAS!$B$5:$B$101,C8)=0,"ERRO: disciplina não pertence ao curso","OK")))))
A9: 2026-06 | B9: Agronomia | C9: Fitopatologia | D9: 2018 | E9: 1279 | F9: =IFERROR(E9/D9,"") | G9: 2026-08-10 | H9: mateus.valentim@ivc.br | I9: =IF(COUNTA(A9:E9)=0,"",IF(OR(D9<=0,E9<0),"ERRO: bases inválidas",IF(E9>D9,"ERRO: presenças acima do previsto",IF(COUNTIFS($A$5:$A$1200,A9,$B$5:$B$1200,B9,$C$5:$C$1200,C9)>1,"ERRO: chave duplicada",IF(COUNTIFS(DISCIPLINAS!$A$5:$A$101,B9,DISCIPLINAS!$B$5:$B$101,C9)=0,"ERRO: disciplina não pertence ao curso","OK")))))
A10: 2026-06 | B10: Agronomia | C10: Solos e Nutrição de Plantas | D10: 1927 | E10: 1371 | F10: =IFERROR(E10/D10,"") | G10: 2026-08-10 | H10: mateus.valentim@ivc.br | I10: =IF(COUNTA(A10:E10)=0,"",IF(OR(D10<=0,E10<0),"ERRO: bases inválidas",IF(E10>D10,"ERRO: presenças acima do previsto",IF(COUNTIFS($A$5:$A$1200,A10,$B$5:$B$1200,B10,$C$5:$C$1200,C10)>1,"ERRO: chave duplicada",IF(COUNTIFS(DISCIPLINAS!$A$5:$A$101,B10,DISCIPLINAS!$B$5:$B$101,C10)=0,"ERRO: disciplina não pertence ao curso","OK")))))
A11: 2026-06 | B11: Agronomia | C11: Zootecnia | D11: 2152 | E11: 1564 | F11: =IFERROR(E11/D11,"") | G11: 2026-08-10 | H11: mateus.valentim@ivc.br | I11: =IF(COUNTA(A11:E11)=0,"",IF(OR(D11<=0,E11<0),"ERRO: bases inválidas",IF(E11>D11,"ERRO: presenças acima do previsto",IF(COUNTIFS($A$5:$A$1200,A11,$B$5:$B$1200,B11,$C$5:$C$1200,C11)>1,"ERRO: chave duplicada",IF(COUNTIFS(DISCIPLINAS!$A$5:$A$101,B11,DISCIPLINAS!$B$5:$B$101,C11)=0,"ERRO: disciplina não pertence ao curso","OK")))))
A12: 2026-06 | B12: Agronomia | C12: Irrigação e Drenagem | D12: 1974 | E12: 1331 | F12: =IFERROR(E12/D12,"") | G12: 2026-08-10 | H12: mateus.valentim@ivc.br | I12: =IF(COUNTA(A12:E12)=0,"",IF(OR(D12<=0,E12<0),"ERRO: bases inválidas",IF(E12>D12,"ERRO: presenças acima do previsto",IF(COUNTIFS($A$5:$A$1200,A12,$B$5:$B$1200,B12,$C$5:$C$1200,C12)>1,"ERRO: chave duplicada",IF(COUNTIFS(DISCIPLINAS!$A$5:$A$101,B12,DISCIPLINAS!$B$5:$B$101,C12)=0,"ERRO: disciplina não pertence ao curso","OK")))))
A13: 2026-06 | B13: Análise e Desenvolvimento de Sistemas | C13: Programação Orientada a Objetos | D13: 3975 | E13: 2971 | F13: =IFERROR(E13/D13,"") | G13: 2026-08-10 | H13: mateus.valentim@ivc.br | I13: =IF(COUNTA(A13:E13)=0,"",IF(OR(D13<=0,E13<0),"ERRO: bases inválidas",IF(E13>D13,"ERRO: presenças acima do previsto",IF(COUNTIFS($A$5:$A$1200,A13,$B$5:$B$1200,B13,$C$5:$C$1200,C13)>1,"ERRO: chave duplicada",IF(COUNTIFS(DISCIPLINAS!$A$5:$A$101,B13,DISCIPLINAS!$B$5:$B$101,C13)=0,"ERRO: disciplina não pertence ao curso","OK")))))
A14: 2026-06 | B14: Análise e Desenvolvimento de Sistemas | C14: Banco de Dados | D14: 3982 | E14: 3312 | F14: =IFERROR(E14/D14,"") | G14: 2026-08-10 | H14: mateus.valentim@ivc.br | I14: =IF(COUNTA(A14:E14)=0,"",IF(OR(D14<=0,E14<0),"ERRO: bases inválidas",IF(E14>D14,"ERRO: presenças acima do previsto",IF(COUNTIFS($A$5:$A$1200,A14,$B$5:$B$1200,B14,$C$5:$C$1200,C14)>1,"ERRO: chave duplicada",IF(COUNTIFS(DISCIPLINAS!$A$5:$A$101,B14,DISCIPLINAS!$B$5:$B$101,C14)=0,"ERRO: disciplina não pertence ao curso","OK")))))
A15: 2026-06 | B15: Análise e Desenvolvimento de Sistemas | C15: Engenharia de Software | D15: 3940 | E15: 3353 | F15: =IFERROR(E15/D15,"") | G15: 2026-08-10 | H15: mateus.valentim@ivc.br | I15: =IF(COUNTA(A15:E15)=0,"",IF(OR(D15<=0,E15<0),"ERRO: bases inválidas",IF(E15>D15,"ERRO: presenças acima do previsto",IF(COUNTIFS($A$5:$A$1200,A15,$B$5:$B$1200,B15,$C$5:$C$1200,C15)>1,"ERRO: chave duplicada",IF(COUNTIFS(DISCIPLINAS!$A$5:$A$101,B15,DISCIPLINAS!$B$5:$B$101,C15)=0,"ERRO: disciplina não pertence ao curso","OK")))))
A16: 2026-06 | B16: Análise e Desenvolvimento de Sistemas | C16: Redes de Computadores | D16: 3749 | E16: 2938 | F16: =IFERROR(E16/D16,"") | G16: 2026-08-10 | H16: mateus.valentim@ivc.br | I16: =IF(COUNTA(A16:E16)=0,"",IF(OR(D16<=0,E16<0),"ERRO: bases inválidas",IF(E16>D16,"ERRO: presenças acima do previsto",IF(COUNTIFS($A$5:$A$1200,A16,$B$5:$B$1200,B16,$C$5:$C$1200,C16)>1,"ERRO: chave duplicada",IF(COUNTIFS(DISCIPLINAS!$A$5:$A$101,B16,DISCIPLINAS!$B$5:$B$101,C16)=0,"ERRO: disciplina não pertence ao curso","OK")))))
... A136: 2026-SEM2 | B136: Engenharia Mecânica | C136: Processos de Fabricação | D136: 2578 | E136: 1928 | F136: =IFERROR(E136/D136,"") | G136: 2026-08-10 | H136: mateus.valentim@ivc.br | I136: =IF(COUNTA(A136:E136)=0,"",IF(OR(D136<=0,E136<0),"ERRO: bases inválidas",IF(E136>D136,"ERRO: presenças acima do previsto",IF(COUNTIFS($A$5:$A$1200,A136,$B$5:$B$1200,B136,$C$5:$C$1200,C136)>1,"ERRO: chave duplicada",IF(COUNTIFS(DISCIPLINAS!$A$5:$A$101,B136,DISCIPLINAS!$B$5:$B$101,C136)=0,"ERRO: disciplina não pertence ao curso","OK")))))
F137: =IFERROR(E137/D137,"") | I137: =IF(COUNTA(A137:E137)=0,"",IF(OR(D137<=0,E137<0),"ERRO: bases inválidas",IF(E137>D137,"ERRO: presenças acima do previsto",IF(COUNTIFS($A$5:$A$1200,A137,$B$5:$B$1200,B137,$C$5:$C$1200,C137)>1,"ERRO: chave duplicada",IF(COUNTIFS(DISCIPLINAS!$A$5:$A$101,B137,DISCIPLINAS!$B$5:$B$101,C137)=0,"ERRO: disciplina não pertence ao curso","OK")))))
F138: =IFERROR(E138/D138,"") | I138: =IF(COUNTA(A138:E138)=0,"",IF(OR(D138<=0,E138<0),"ERRO: bases inválidas",IF(E138>D138,"ERRO: presenças acima do previsto",IF(COUNTIFS($A$5:$A$1200,A138,$B$5:$B$1200,B138,$C$5:$C$1200,C138)>1,"ERRO: chave duplicada",IF(COUNTIFS(DISCIPLINAS!$A$5:$A$101,B138,DISCIPLINAS!$B$5:$B$101,C138)=0,"ERRO: disciplina não pertence ao curso","OK")))))
F139: =IFERROR(E139/D139,"") | I139: =IF(COUNTA(A139:E139)=0,"",IF(OR(D139<=0,E139<0),"ERRO: bases inválidas",IF(E139>D139,"ERRO: presenças acima do previsto",IF(COUNTIFS($A$5:$A$1200,A139,$B$5:$B$1200,B139,$C$5:$C$1200,C139)>1,"ERRO: chave duplicada",IF(COUNTIFS(DISCIPLINAS!$A$5:$A$101,B139,DISCIPLINAS!$B$5:$B$101,C139)=0,"ERRO: disciplina não pertence ao curso","OK")))))
F140: =IFERROR(E140/D140,"") | I140: =IF(COUNTA(A140:E140)=0,"",IF(OR(D140<=0,E140<0),"ERRO: bases inválidas",IF(E140>D140,"ERRO: presenças acima do previsto",IF(COUNTIFS($A$5:$A$1200,A140,$B$5:$B$1200,B140,$C$5:$C$1200,C140)>1,"ERRO: chave duplicada",IF(COUNTIFS(DISCIPLINAS!$A$5:$A$101,B140,DISCIPLINAS!$B$5:$B$101,C140)=0,"ERRO: disciplina não pertence ao curso","OK")))))
F141: =IFERROR(E141/D141,"") | I141: =IF(COUNTA(A141:E141)=0,"",IF(OR(D141<=0,E141<0),"ERRO: bases inválidas",IF(E141>D141,"ERRO: presenças acima do previsto",IF(COUNTIFS($A$5:$A$1200,A141,$B$5:$B$1200,B141,$C$5:$C$1200,C141)>1,"ERRO: chave duplicada",IF(COUNTIFS(DISCIPLINAS!$A$5:$A$101,B141,DISCIPLINAS!$B$5:$B$101,C141)=0,"ERRO: disciplina não pertence ao curso","OK")))))
F142: =IFERROR(E142/D142,"") | I142: =IF(COUNTA(A142:E142)=0,"",IF(OR(D142<=0,E142<0),"ERRO: bases inválidas",IF(E142>D142,"ERRO: presenças acima do previsto",IF(COUNTIFS($A$5:$A$1200,A142,$B$5:$B$1200,B142,$C$5:$C$1200,C142)>1,"ERRO: chave duplicada",IF(COUNTIFS(DISCIPLINAS!$A$5:$A$101,B142,DISCIPLINAS!$B$5:$B$101,C142)=0,"ERRO: disciplina não pertence ao curso","OK")))))
F143: =IFERROR(E143/D143,"") | I143: =IF(COUNTA(A143:E143)=0,"",IF(OR(D143<=0,E143<0),"ERRO: bases inválidas",IF(E143>D143,"ERRO: presenças acima do previsto",IF(COUNTIFS($A$5:$A$1200,A143,$B$5:$B$1200,B143,$C$5:$C$1200,C143)>1,"ERRO: chave duplicada",IF(COUNTIFS(DISCIPLINAS!$A$5:$A$101,B143,DISCIPLINAS!$B$5:$B$101,C143)=0,"ERRO: disciplina não pertence ao curso","OK")))))
F144: =IFERROR(E144/D144,"") | I144: =IF(COUNTA(A144:E144)=0,"",IF(OR(D144<=0,E144<0),"ERRO: bases inválidas",IF(E144>D144,"ERRO: presenças acima do previsto",IF(COUNTIFS($A$5:$A$1200,A144,$B$5:$B$1200,B144,$C$5:$C$1200,C144)>1,"ERRO: chave duplicada",IF(COUNTIFS(DISCIPLINAS!$A$5:$A$101,B144,DISCIPLINAS!$B$5:$B$101,C144)=0,"ERRO: disciplina não pertence ao curso","OK")))))
F145: =IFERROR(E145/D145,"") | I145: =IF(COUNTA(A145:E145)=0,"",IF(OR(D145<=0,E145<0),"ERRO: bases inválidas",IF(E145>D145,"ERRO: presenças acima do previsto",IF(COUNTIFS($A$5:$A$1200,A145,$B$5:$B$1200,B145,$C$5:$C$1200,C145)>1,"ERRO: chave duplicada",IF(COUNTIFS(DISCIPLINAS!$A$5:$A$101,B145,DISCIPLINAS!$B$5:$B$101,C145)=0,"ERRO: disciplina não pertence ao curso","OK")))))
F146: =IFERROR(E146/D146,"") | I146: =IF(COUNTA(A146:E146)=0,"",IF(OR(D146<=0,E146<0),"ERRO: bases inválidas",IF(E146>D146,"ERRO: presenças acima do previsto",IF(COUNTIFS($A$5:$A$1200,A146,$B$5:$B$1200,B146,$C$5:$C$1200,C146)>1,"ERRO: chave duplicada",IF(COUNTIFS(DISCIPLINAS!$A$5:$A$101,B146,DISCIPLINAS!$B$5:$B$101,C146)=0,"ERRO: disciplina não pertence ao curso","OK")))))
F147: =IFERROR(E147/D147,"") | I147: =IF(COUNTA(A147:E147)=0,"",IF(OR(D147<=0,E147<0),"ERRO: bases inválidas",IF(E147>D147,"ERRO: presenças acima do previsto",IF(COUNTIFS($A$5:$A$1200,A147,$B$5:$B$1200,B147,$C$5:$C$1200,C147)>1,"ERRO: chave duplicada",IF(COUNTIFS(DISCIPLINAS!$A$5:$A$101,B147,DISCIPLINAS!$B$5:$B$101,C147)=0,"ERRO: disciplina não pertence ao curso","OK")))))
F148: =IFERROR(E148/D148,"") | I148: =IF(COUNTA(A148:E148)=0,"",IF(OR(D148<=0,E148<0),"ERRO: bases inválidas",IF(E148>D148,"ERRO: presenças acima do previsto",IF(COUNTIFS($A$5:$A$1200,A148,$B$5:$B$1200,B148,$C$5:$C$1200,C148)>1,"ERRO: chave duplicada",IF(COUNTIFS(DISCIPLINAS!$A$5:$A$101,B148,DISCIPLINAS!$B$5:$B$101,C148)=0,"ERRO: disciplina não pertence ao curso","OK")))))
... F1200: =IFERROR(E1200/D1200,"") | I1200: =IF(COUNTA(A1200:E1200)=0,"",IF(OR(D1200<=0,E1200<0),"ERRO: bases inválidas",IF(E1200>D1200,"ERRO: presenças acima do previsto",IF(COUNTIFS($A$5:$A$1200,A1200,$B$5:$B$1200,B1200,$C$5:$C$1200,C1200)>1,"ERRO: chave duplicada",IF(COUNTIFS(DISCIPLINAS!$A$5:$A$101,B1200,DISCIPLINAS!$B$5:$B$101,C1200)=0,"ERRO: disciplina não pertence ao curso","OK")))))

Sheet METAS
A1: METAS COM VIGÊNCIA — HISTÓRICO PRESERVADO
A2: Para mudar uma meta, ACRESCENTE uma linha com nova vigência; nunca sobrescreva. A ordem não importa. Recorte aceita três níveis: TOTAL (área), nome do curso, ou 'Curso » Disciplina'. A herança vai da disciplina para o curso e do curso para a área.
A4: KPI | B4: Recorte | C4: Vigência (AAAA-MM) | D4: Chave (calc.) | E4: Meta | F4: Limiar de atenção | G4: Limite superior | H4: Justificativa
A5: DTNH-01 | B5: TOTAL | C5: 2026-06 | D5: =IFERROR(VALUE(SUBSTITUTE($C5,"-","")),0) | E5: 40 | F5: 26.95
A6: DTNH-02 | B6: TOTAL | C6: 2026-06 | D6: =IFERROR(VALUE(SUBSTITUTE($C6,"-","")),0) | E6: -0.015 | F6: -0.03
A7: DTNH-03 | B7: Direito | C7: 2026-06 | D7: =IFERROR(VALUE(SUBSTITUTE($C7,"-","")),0) | E7: 0.8 | F7: 0.75
A8: DTNH-03 | B8: TOTAL | C8: 2026-06 | D8: =IFERROR(VALUE(SUBSTITUTE($C8,"-","")),0) | E8: 0.75 | F8: 0.7
D9: =IFERROR(VALUE(SUBSTITUTE($C9,"-","")),0)
D10: =IFERROR(VALUE(SUBSTITUTE($C10,"-","")),0)
D11: =IFERROR(VALUE(SUBSTITUTE($C11,"-","")),0)
D12: =IFERROR(VALUE(SUBSTITUTE($C12,"-","")),0)
D13: =IFERROR(VALUE(SUBSTITUTE($C13,"-","")),0)
D14: =IFERROR(VALUE(SUBSTITUTE($C14,"-","")),0)
D15: =IFERROR(VALUE(SUBSTITUTE($C15,"-","")),0)
D16: =IFERROR(VALUE(SUBSTITUTE($C16,"-","")),0)
D17: =IFERROR(VALUE(SUBSTITUTE($C17,"-","")),0)
D18: =IFERROR(VALUE(SUBSTITUTE($C18,"-","")),0)
D19: =IFERROR(VALUE(SUBSTITUTE($C19,"-","")),0)
D20: =IFERROR(VALUE(SUBSTITUTE($C20,"-","")),0)
... D404: =IFERROR(VALUE(SUBSTITUTE($C404,"-","")),0)

Sheet CURSOS
A1: CURSOS DA DTNH
A2: Nunca apague uma linha. Curso que sai do portfólio recebe Ativo = N e vigência de fim.
A4: Curso | B4: Ativo | C4: Vigência início | D4: Vigência fim
A5: Administração | B5: S | C5: 2026-08
A6: Agronomia | B6: S | C6: 2026-08
A7: Análise e Desenvolvimento de Sistemas | B7: S | C7: 2026-08
A8: Ciências Contábeis | B8: S | C8: 2026-08
A9: Comunicação Social | B9: S | C9: 2026-08
A10: Direito | B10: S | C10: 2026-08
A11: Engenharia de Produção | B11: S | C11: 2026-08
A12: Engenharia Mecânica | B12: S | C12: 2026-08

Sheet DISCIPLINAS
A1: DISCIPLINAS (AULAS) POR CURSO
A2: Usada pela frequência, que é lançada por disciplina. NPS e matrículas não usam esta aba. A lista abaixo é um ponto de partida — substitua pela grade curricular real. A coluna Recorte serve para copiar direto na aba METAS quando a disciplina tiver meta própria.
A4: Curso | B4: Disciplina | C4: Ativo | D4: Vigência início | E4: Vigência fim | F4: Recorte para METAS
A5: Administração | B5: Gestão de Pessoas | C5: S | D5: 2026-06 | F5: =IF(OR($A5="",$B5=""),"",$A5&" » "&$B5)
A6: Administração | B6: Gestão Financeira | C6: S | D6: 2026-06 | F6: =IF(OR($A6="",$B6=""),"",$A6&" » "&$B6)
A7: Administração | B7: Marketing | C7: S | D7: 2026-06 | F7: =IF(OR($A7="",$B7=""),"",$A7&" » "&$B7)
A8: Administração | B8: Teoria Geral da Administração | C8: S | D8: 2026-06 | F8: =IF(OR($A8="",$B8=""),"",$A8&" » "&$B8)
A9: Agronomia | B9: Fitopatologia | C9: S | D9: 2026-06 | F9: =IF(OR($A9="",$B9=""),"",$A9&" » "&$B9)
A10: Agronomia | B10: Irrigação e Drenagem | C10: S | D10: 2026-06 | F10: =IF(OR($A10="",$B10=""),"",$A10&" » "&$B10)
A11: Agronomia | B11: Solos e Nutrição de Plantas | C11: S | D11: 2026-06 | F11: =IF(OR($A11="",$B11=""),"",$A11&" » "&$B11)
A12: Agronomia | B12: Zootecnia | C12: S | D12: 2026-06 | F12: =IF(OR($A12="",$B12=""),"",$A12&" » "&$B12)
A13: Análise e Desenvolvimento de Sistemas | B13: Banco de Dados | C13: S | D13: 2026-06 | F13: =IF(OR($A13="",$B13=""),"",$A13&" » "&$B13)
A14: Análise e Desenvolvimento de Sistemas | B14: Engenharia de Software | C14: S | D14: 2026-06 | F14: =IF(OR($A14="",$B14=""),"",$A14&" » "&$B14)
A15: Análise e Desenvolvimento de Sistemas | B15: Programação Orientada a Objetos | C15: S | D15: 2026-06 | F15: =IF(OR($A15="",$B15=""),"",$A15&" » "&$B15)
A16: Análise e Desenvolvimento de Sistemas | B16: Redes de Computadores | C16: S | D16: 2026-06 | F16: =IF(OR($A16="",$B16=""),"",$A16&" » "&$B16)
... A37: Engenharia Mecânica | B37: Termodinâmica | C37: S | D37: 2026-06 | F37: =IF(OR($A37="",$B37=""),"",$A37&" » "&$B37)
F38: =IF(OR($A38="",$B38=""),"",$A38&" » "&$B38)
F39: =IF(OR($A39="",$B39=""),"",$A39&" » "&$B39)
F40: =IF(OR($A40="",$B40=""),"",$A40&" » "&$B40)
F41: =IF(OR($A41="",$B41=""),"",$A41&" » "&$B41)
F42: =IF(OR($A42="",$B42=""),"",$A42&" » "&$B42)
F43: =IF(OR($A43="",$B43=""),"",$A43&" » "&$B43)
F44: =IF(OR($A44="",$B44=""),"",$A44&" » "&$B44)
F45: =IF(OR($A45="",$B45=""),"",$A45&" » "&$B45)
F46: =IF(OR($A46="",$B46=""),"",$A46&" » "&$B46)
F47: =IF(OR($A47="",$B47=""),"",$A47&" » "&$B47)
F48: =IF(OR($A48="",$B48=""),"",$A48&" » "&$B48)
F49: =IF(OR($A49="",$B49=""),"",$A49&" » "&$B49)
... F101: =IF(OR($A101="",$B101=""),"",$A101&" » "&$B101)

Sheet INDICADORES
A1: REGISTRO DE DEFINIÇÕES
A2: A periodicidade orienta a chave de entrada. Não misture granularidades na mesma competência. No Data UNIVC, a frequência média (DTNH-03) é alimentada mensalmente.
A4: Código | B4: Nome | C4: Aba de entrada | D4: Tabela | E4: Direção | F4: Formato | G4: Variação medida como | H4: Objetivo | I4: Periodicidade de alimentação | J4: Nível de detalhe
A5: DTNH-01 | B5: NPS Discente da Área | C5: NPS DISCENTES | D5: Tabela3 | E5: Maior é melhor | F5: pts | G5: Diferença | H5: Promotores menos detratores sobre respondentes, em pontos. | I5: Mensal | J5: Curso
A6: DTNH-02 | B6: Matrículas Ativas por Curso | C6: MATRICULAS ATIVAS | D6: Tabela36 | E6: Variação mínima | F6: num | G6: Razão (%) | H6: Volume de matrículas ativas. A meta é a variação mínima aceitável entre dois meses. | I6: Mensal | J6: Curso
A7: DTNH-03 | B7: Frequência Média Discente | C7: FREQUÊNCIA MÉDIA | D7: Tabela367 | E7: Maior é melhor | F7: pct | G7: Diferença | H7: Presenças registradas sobre presenças previstas, lançadas por mês e por disciplina. | I7: Mensal | J7: Curso e disciplina
A9: Trocar a periodicidade de um KPI exige revisar a coluna I e a validação da coluna Período na respectiva aba de entrada.

Sheet CALC
A1: CAMADA DE PROCESSAMENTO — NÃO EDITAR
A2: A camada consolida a periodicidade configurada para cada KPI. A Frequência Média é mensal nesta versão e resultados legados semestrais não devem ser misturados às competências mensais.
A4: Janela de | B4: =PARAMETROS!$B$13 | C4: até | D4: =PARAMETROS!$B$14 | E4: Referência | F4: =PARAMETROS!$B$7 | G4: Comparação | H4: =PARAMETROS!$B$8 | I4: Curso em foco | J4: =PARAMETROS!$B$11
A6: METAS VIGENTES NO MÊS DE REFERÊNCIA
A7: Recorte | B7: DTNH-01 meta | C7: DTNH-01 limiar | D7: DTNH-02 meta | E7: DTNH-02 limiar | F7: DTNH-03 meta | G7: DTNH-03 limiar
A8: TOTAL | B8: =IFERROR(IF(SUMPRODUCT(MAX((METAS!$A$5:$A$404="DTNH-01")*(METAS!$B$5:$B$404="TOTAL")*(METAS!$D$5:$D$404<=IFERROR(VALUE(SUBSTITUTE($F$4,"-","")),0))*METAS!$D$5:$D$404))=0,IF(SUMPRODUCT(MAX((METAS!$A$5:$A$404="DTNH-01")*(METAS!$B$5:$B$404="TOTAL")*(METAS!$D$5:$D$404<=IFERROR(VALUE(SUBSTITUTE($F$4,"-","")),0))*METAS!$D$5:$D$404))=0,"",SUMPRODUCT((METAS!$A$5:$A$404="DTNH-01")*(METAS!$B$5:$B$404="TOTAL")*(METAS!$D$5:$D$404=SUMPRODUCT(MAX((METAS!$A$5:$A$404="DTNH-01")*(METAS!$B$5:$B$404="TOTAL")*(METAS!$D$5:$D$404<=IFERROR(VALUE(SUBSTITUTE($F$4,"-","")),0))*METAS!$D$5:$D$404)))*METAS!$E$5:$E$404)),SUMPRODUCT((METAS!$A$5:$A$404="DTNH-01")*(METAS!$B$5:$B$404="TOTAL")*(METAS!$D$5:$D$404=SUMPRODUCT(MAX((METAS!$A$5:$A$404="DTNH-01")*(METAS!$B$5:$B$404="TOTAL")*(METAS!$D$5:$D$404<=IFERROR(VALUE(SUBSTITUTE($F$4,"-","")),0))*METAS!$D$5:$D$404)))*METAS!$E$5:$E$404)),"") | C8: =IFERROR(IF(SUMPRODUCT(MAX((METAS!$A$5:$A$404="DTNH-01")*(METAS!$B$5:$B$404="TOTAL")*(METAS!$D$5:$D$404<=IFERROR(VALUE(SUBSTITUTE($F$4,"-","")),0))*METAS!$D$5:$D$404))=0,IF(SUMPRODUCT(MAX((METAS!$A$5:$A$404="DTNH-01")*(METAS!$B$5:$B$404="TOTAL")*(METAS!$D$5:$D$404<=IFERROR(VALUE(SUBSTITUTE($F$4,"-","")),0))*METAS!$D$5:$D$404))=0,"",SUMPRODUCT((METAS!$A$5:$A$404="DTNH-01")*(METAS!$B$5:$B$404="TOTAL")*(METAS!$D$5:$D$404=SUMPRODUCT(MAX((METAS!$A$5:$A$404="DTNH-01")*(METAS!$B$5:$B$404="TOTAL")*(METAS!$D$5:$D$404<=IFERROR(VALUE(SUBSTITUTE($F$4,"-","")),0))*METAS!$D$5:$D$404)))*METAS!$F$5:$F$404)),SUMPRODUCT((METAS!$A$5:$A$404="DTNH-01")*(METAS!$B$5:$B$404="TOTAL")*(METAS!$D$5:$D$404=SUMPRODUCT(MAX((METAS!$A$5:$A$404="DTNH-01")*(METAS!$B$5:$B$404="TOTAL")*(METAS!$D$5:$D$404<=IFERROR(VALUE(SUBSTITUTE($F$4,"-","")),0))*METAS!$D$5:$D$404)))*METAS!$F$5:$F$404)),"") | D8: =IFERROR(IF(SUMPRODUCT(MAX((METAS!$A$5:$A$404="DTNH-02")*(METAS!$B$5:$B$404="TOTAL")*(METAS!$D$5:$D$404<=IFERROR(VALUE(SUBSTITUTE($F$4,"-","")),0))*METAS!$D$5:$D$404))=0,IF(SUMPRODUCT(MAX((METAS!$A$5:$A$404="DTNH-02")*(METAS!$B$5:$B$404="TOTAL")*(METAS!$D$5:$D$404<=IFERROR(VALUE(SUBSTITUTE($F$4,"-","")),0))*METAS!$D$5:$D$404))=0,"",SUMPRODUCT((METAS!$A$5:$A$404="DTNH-02")*(METAS!$B$5:$B$404="TOTAL")*(METAS!$D$5:$D$404=SUMPRODUCT(MAX((METAS!$A$5:$A$404="DTNH-02")*(METAS!$B$5:$B$404="TOTAL")*(METAS!$D$5:$D$404<=IFERROR(VALUE(SUBSTITUTE($F$4,"-","")),0))*METAS!$D$5:$D$404)))*METAS!$E$5:$E$404)),SUMPRODUCT((METAS!$A$5:$A$404="DTNH-02")*(METAS!$B$5:$B$404="TOTAL")*(METAS!$D$5:$D$404=SUMPRODUCT(MAX((METAS!$A$5:$A$404="DTNH-02")*(METAS!$B$5:$B$404="TOTAL")*(METAS!$D$5:$D$404<=IFERROR(VALUE(SUBSTITUTE($F$4,"-","")),0))*METAS!$D$5:$D$404)))*METAS!$E$5:$E$404)),"") | E8: =IFERROR(IF(SUMPRODUCT(MAX((METAS!$A$5:$A$404="DTNH-02")*(METAS!$B$5:$B$404="TOTAL")*(METAS!$D$5:$D$404<=IFERROR(VALUE(SUBSTITUTE($F$4,"-","")),0))*METAS!$D$5:$D$404))=0,IF(SUMPRODUCT(MAX((METAS!$A$5:$A$404="DTNH-02")*(METAS!$B$5:$B$404="TOTAL")*(METAS!$D$5:$D$404<=IFERROR(VALUE(SUBSTITUTE($F$4,"-","")),0))*METAS!$D$5:$D$404))=0,"",SUMPRODUCT((METAS!$A$5:$A$404="DTNH-02")*(METAS!$B$5:$B$404="TOTAL")*(METAS!$D$5:$D$404=SUMPRODUCT(MAX((METAS!$A$5:$A$404="DTNH-02")*(METAS!$B$5:$B$404="TOTAL")*(METAS!$D$5:$D$404<=IFERROR(VALUE(SUBSTITUTE($F$4,"-","")),0))*METAS!$D$5:$D$404)))*METAS!$F$5:$F$404)),SUMPRODUCT((METAS!$A$5:$A$404="DTNH-02")*(METAS!$B$5:$B$404="TOTAL")*(METAS!$D$5:$D$404=SUMPRODUCT(MAX((METAS!$A$5:$A$404="DTNH-02")*(METAS!$B$5:$B$404="TOTAL")*(METAS!$D$5:$D$404<=IFERROR(VALUE(SUBSTITUTE($F$4,"-","")),0))*METAS!$D$5:$D$404)))*METAS!$F$5:$F$404)),"") | F8: =IFERROR(IF(SUMPRODUCT(MAX((METAS!$A$5:$A$404="DTNH-03")*(METAS!$B$5:$B$404="TOTAL")*(METAS!$D$5:$D$404<=IFERROR(VALUE(SUBSTITUTE($F$4,"-","")),0))*METAS!$D$5:$D$404))=0,IF(SUMPRODUCT(MAX((METAS!$A$5:$A$404="DTNH-03")*(METAS!$B$5:$B$404="TOTAL")*(METAS!$D$5:$D$404<=IFERROR(VALUE(SUBSTITUTE($F$4,"-","")),0))*METAS!$D$5:$D$404))=0,"",SUMPRODUCT((METAS!$A$5:$A$404="DTNH-03")*(METAS!$B$5:$B$404="TOTAL")*(METAS!$D$5:$D$404=SUMPRODUCT(MAX((METAS!$A$5:$A$404="DTNH-03")*(METAS!$B$5:$B$404="TOTAL")*(METAS!$D$5:$D$404<=IFERROR(VALUE(SUBSTITUTE($F$4,"-","")),0))*METAS!$D$5:$D$404)))*METAS!$E$5:$E$404)),SUMPRODUCT((METAS!$A$5:$A$404="DTNH-03")*(METAS!$B$5:$B$404="TOTAL")*(METAS!$D$5:$D$404=SUMPRODUCT(MAX((METAS!$A$5:$A$404="DTNH-03")*(METAS!$B$5:$B$404="TOTAL")*(METAS!$D$5:$D$404<=IFERROR(VALUE(SUBSTITUTE($F$4,"-","")),0))*METAS!$D$5:$D$404)))*METAS!$E$5:$E$404)),"") | G8: =IFERROR(IF(SUMPRODUCT(MAX((METAS!$A$5:$A$404="DTNH-03")*(METAS!$B$5:$B$404="TOTAL")*(METAS!$D$5:$D$404<=IFERROR(VALUE(SUBSTITUTE($F$4,"-","")),0))*METAS!$D$5:$D$404))=0,IF(SUMPRODUCT(MAX((METAS!$A$5:$A$404="DTNH-03")*(METAS!$B$5:$B$404="TOTAL")*(METAS!$D$5:$D$404<=IFERROR(VALUE(SUBSTITUTE($F$4,"-","")),0))*METAS!$D$5:$D$404))=0,"",SUMPRODUCT((METAS!$A$5:$A$404="DTNH-03")*(METAS!$B$5:$B$404="TOTAL")*(METAS!$D$5:$D$404=SUMPRODUCT(MAX((METAS!$A$5:$A$404="DTNH-03")*(METAS!$B$5:$B$404="TOTAL")*(METAS!$D$5:$D$404<=IFERROR(VALUE(SUBSTITUTE($F$4,"-","")),0))*METAS!$D$5:$D$404)))*METAS!$F$5:$F$404)),SUMPRODUCT((METAS!$A$5:$A$404="DTNH-03")*(METAS!$B$5:$B$404="TOTAL")*(METAS!$D$5:$D$404=SUMPRODUCT(MAX((METAS!$A$5:$A$404="DTNH-03")*(METAS!$B$5:$B$404="TOTAL")*(METAS!$D$5:$D$404<=IFERROR(VALUE(SUBSTITUTE($F$4,"-","")),0))*METAS!$D$5:$D$404)))*METAS!$F$5:$F$404)),"")
A9: Administração | B9: =IFERROR(IF(SUMPRODUCT(MAX((METAS!$A$5:$A$404="DTNH-01")*(METAS!$B$5:$B$404=$A9)*(METAS!$D$5:$D$404<=IFERROR(VALUE(SUBSTITUTE($F$4,"-","")),0))*METAS!$D$5:$D$404))=0,IF(SUMPRODUCT(MAX((METAS!$A$5:$A$404="DTNH-01")*(METAS!$B$5:$B$404="TOTAL")*(METAS!$D$5:$D$404<=IFERROR(VALUE(SUBSTITUTE($F$4,"-","")),0))*METAS!$D$5:$D$404))=0,"",SUMPRODUCT((METAS!$A$5:$A$404="DTNH-01")*(METAS!$B$5:$B$404="TOTAL")*(METAS!$D$5:$D$404=SUMPRODUCT(MAX((METAS!$A$5:$A$404="DTNH-01")*(METAS!$B$5:$B$404="TOTAL")*(METAS!$D$5:$D$404<=IFERROR(VALUE(SUBSTITUTE($F$4,"-","")),0))*METAS!$D$5:$D$404)))*METAS!$E$5:$E$404)),SUMPRODUCT((METAS!$A$5:$A$404="DTNH-01")*(METAS!$B$5:$B$404=$A9)*(METAS!$D$5:$D$404=SUMPRODUCT(MAX((METAS!$A$5:$A$404="DTNH-01")*(METAS!$B$5:$B$404=$A9)*(METAS!$D$5:$D$404<=IFERROR(VALUE(SUBSTITUTE($F$4,"-","")),0))*METAS!$D$5:$D$404)))*METAS!$E$5:$E$404)),"") | C9: =IFERROR(IF(SUMPRODUCT(MAX((METAS!$A$5:$A$404="DTNH-01")*(METAS!$B$5:$B$404=$A9)*(METAS!$D$5:$D$404<=IFERROR(VALUE(SUBSTITUTE($F$4,"-","")),0))*METAS!$D$5:$D$404))=0,IF(SUMPRODUCT(MAX((METAS!$A$5:$A$404="DTNH-01")*(METAS!$B$5:$B$404="TOTAL")*(METAS!$D$5:$D$404<=IFERROR(VALUE(SUBSTITUTE($F$4,"-","")),0))*METAS!$D$5:$D$404))=0,"",SUMPRODUCT((METAS!$A$5:$A$404="DTNH-01")*(METAS!$B$5:$B$404="TOTAL")*(METAS!$D$5:$D$404=SUMPRODUCT(MAX((METAS!$A$5:$A$404="DTNH-01")*(METAS!$B$5:$B$404="TOTAL")*(METAS!$D$5:$D$404<=IFERROR(VALUE(SUBSTITUTE($F$4,"-","")),0))*METAS!$D$5:$D$404)))*METAS!$F$5:$F$404)),SUMPRODUCT((METAS!$A$5:$A$404="DTNH-01")*(METAS!$B$5:$B$404=$A9)*(METAS!$D$5:$D$404=SUMPRODUCT(MAX((METAS!$A$5:$A$404="DTNH-01")*(METAS!$B$5:$B$404=$A9)*(METAS!$D$5:$D$404<=IFERROR(VALUE(SUBSTITUTE($F$4,"-","")),0))*METAS!$D$5:$D$404)))*METAS!$F$5:$F$404)),"") | D9: =IFERROR(IF(SUMPRODUCT(MAX((METAS!$A$5:$A$404="DTNH-02")*(METAS!$B$5:$B$404=$A9)*(METAS!$D$5:$D$404<=IFERROR(VALUE(SUBSTITUTE($F$4,"-","")),0))*METAS!$D$5:$D$404))=0,IF(SUMPRODUCT(MAX((METAS!$A$5:$A$404="DTNH-02")*(METAS!$B$5:$B$404="TOTAL")*(METAS!$D$5:$D$404<=IFERROR(VALUE(SUBSTITUTE($F$4,"-","")),0))*METAS!$D$5:$D$404))=0,"",SUMPRODUCT((METAS!$A$5:$A$404="DTNH-02")*(METAS!$B$5:$B$404="TOTAL")*(METAS!$D$5:$D$404=SUMPRODUCT(MAX((METAS!$A$5:$A$404="DTNH-02")*(METAS!$B$5:$B$404="TOTAL")*(METAS!$D$5:$D$404<=IFERROR(VALUE(SUBSTITUTE($F$4,"-","")),0))*METAS!$D$5:$D$404)))*METAS!$E$5:$E$404)),SUMPRODUCT((METAS!$A$5:$A$404="DTNH-02")*(METAS!$B$5:$B$404=$A9)*(METAS!$D$5:$D$404=SUMPRODUCT(MAX((METAS!$A$5:$A$404="DTNH-02")*(METAS!$B$5:$B$404=$A9)*(METAS!$D$5:$D$404<=IFERROR(VALUE(SUBSTITUTE($F$4,"-","")),0))*METAS!$D$5:$D$404)))*METAS!$E$5:$E$404)),"") | E9: =IFERROR(IF(SUMPRODUCT(MAX((METAS!$A$5:$A$404="DTNH-02")*(METAS!$B$5:$B$404=$A9)*(METAS!$D$5:$D$404<=IFERROR(VALUE(SUBSTITUTE($F$4,"-","")),0))*METAS!$D$5:$D$404))=0,IF(SUMPRODUCT(MAX((METAS!$A$5:$A$404="DTNH-02")*(METAS!$B$5:$B$404="TOTAL")*(METAS!$D$5:$D$404<=IFERROR(VALUE(SUBSTITUTE($F$4,"-","")),0))*METAS!$D$5:$D$404))=0,"",SUMPRODUCT((METAS!$A$5:$A$404="DTNH-02")*(METAS!$B$5:$B$404="TOTAL")*(METAS!$D$5:$D$404=SUMPRODUCT(MAX((METAS!$A$5:$A$404="DTNH-02")*(METAS!$B$5:$B$404="TOTAL")*(METAS!$D$5:$D$404<=IFERROR(VALUE(SUBSTITUTE($F$4,"-","")),0))*METAS!$D$5:$D$404)))*METAS!$F$5:$F$404)),SUMPRODUCT((METAS!$A$5:$A$404="DTNH-02")*(METAS!$B$5:$B$404=$A9)*(METAS!$D$5:$D$404=SUMPRODUCT(MAX((METAS!$A$5:$A$404="DTNH-02")*(METAS!$B$5:$B$404=$A9)*(METAS!$D$5:$D$404<=IFERROR(VALUE(SUBSTITUTE($F$4,"-","")),0))*METAS!$D$5:$D$404)))*METAS!$F$5:$F$404)),"") | F9: =IFERROR(IF(SUMPRODUCT(MAX((METAS!$A$5:$A$404="DTNH-03")*(METAS!$B$5:$B$404=$A9)*(METAS!$D$5:$D$404<=IFERROR(VALUE(SUBSTITUTE($F$4,"-","")),0))*METAS!$D$5:$D$404))=0,IF(SUMPRODUCT(MAX((METAS!$A$5:$A$404="DTNH-03")*(METAS!$B$5:$B$404="TOTAL")*(METAS!$D$5:$D$404<=IFERROR(VALUE(SUBSTITUTE($F$4,"-","")),0))*METAS!$D$5:$D$404))=0,"",SUMPRODUCT((METAS!$A$5:$A$404="DTNH-03")*(METAS!$B$5:$B$404="TOTAL")*(METAS!$D$5:$D$404=SUMPRODUCT(MAX((METAS!$A$5:$A$404="DTNH-03")*(METAS!$B$5:$B$404="TOTAL")*(METAS!$D$5:$D$404<=IFERROR(VALUE(SUBSTITUTE($F$4,"-","")),0))*METAS!$D$5:$D$404)))*METAS!$E$5:$E$404)),SUMPRODUCT((METAS!$A$5:$A$404="DTNH-03")*(METAS!$B$5:$B$404=$A9)*(METAS!$D$5:$D$404=SUMPRODUCT(MAX((METAS!$A$5:$A$404="DTNH-03")*(METAS!$B$5:$B$404=$A9)*(METAS!$D$5:$D$404<=IFERROR(VALUE(SUBSTITUTE($F$4,"-","")),0))*METAS!$D$5:$D$404)))*METAS!$E$5:$E$404)),"") | G9: =IFERROR(IF(SUMPRODUCT(MAX((METAS!$A$5:$A$404="DTNH-03")*(METAS!$B$5:$B$404=$A9)*(METAS!$D$5:$D$404<=IFERROR(VALUE(SUBSTITUTE($F$4,"-","")),0))*METAS!$D$5:$D$404))=0,IF(SUMPRODUCT(MAX((METAS!$A$5:$A$404="DTNH-03")*(METAS!$B$5:$B$404="TOTAL")*(METAS!$D$5:$D$404<=IFERROR(VALUE(SUBSTITUTE($F$4,"-","")),0))*METAS!$D$5:$D$404))=0,"",SUMPRODUCT((METAS!$A$5:$A$404="DTNH-03")*(METAS!$B$5:$B$404="TOTAL")*(METAS!$D$5:$D$404=SUMPRODUCT(MAX((METAS!$A$5:$A$404="DTNH-03")*(METAS!$B$5:$B$404="TOTAL")*(METAS!$D$5:$D$404<=IFERROR(VALUE(SUBSTITUTE($F$4,"-","")),0))*METAS!$D$5:$D$404)))*METAS!$F$5:$F$404)),SUMPRODUCT((METAS!$A$5:$A$404="DTNH-03")*(METAS!$B$5:$B$404=$A9)*(METAS!$D$5:$D$404=SUMPRODUCT(MAX((METAS!$A$5:$A$404="DTNH-03")*(METAS!$B$5:$B$404=$A9)*(METAS!$D$5:$D$404<=IFERROR(VALUE(SUBSTITUTE($F$4,"-","")),0))*METAS!$D$5:$D$404)))*METAS!$F$5:$F$404)),"")
A10: Agronomia | B10: =IFERROR(IF(SUMPRODUCT(MAX((METAS!$A$5:$A$404="DTNH-01")*(METAS!$B$5:$B$404=$A10)*(METAS!$D$5:$D$404<=IFERROR(VALUE(SUBSTITUTE($F$4,"-","")),0))*METAS!$D$5:$D$404))=0,IF(SUMPRODUCT(MAX((METAS!$A$5:$A$404="DTNH-01")*(METAS!$B$5:$B$404="TOTAL")*(METAS!$D$5:$D$404<=IFERROR(VALUE(SUBSTITUTE($F$4,"-","")),0))*METAS!$D$5:$D$404))=0,"",SUMPRODUCT((METAS!$A$5:$A$404="DTNH-01")*(METAS!$B$5:$B$404="TOTAL")*(METAS!$D$5:$D$404=SUMPRODUCT(MAX((METAS!$A$5:$A$404="DTNH-01")*(METAS!$B$5:$B$404="TOTAL")*(METAS!$D$5:$D$404<=IFERROR(VALUE(SUBSTITUTE($F$4,"-","")),0))*METAS!$D$5:$D$404)))*METAS!$E$5:$E$404)),SUMPRODUCT((METAS!$A$5:$A$404="DTNH-01")*(METAS!$B$5:$B$404=$A10)*(METAS!$D$5:$D$404=SUMPRODUCT(MAX((METAS!$A$5:$A$404="DTNH-01")*(METAS!$B$5:$B$404=$A10)*(METAS!$D$5:$D$404<=IFERROR(VALUE(SUBSTITUTE($F$4,"-","")),0))*METAS!$D$5:$D$404)))*METAS!$E$5:$E$404)),"") | C10: =IFERROR(IF(SUMPRODUCT(MAX((METAS!$A$5:$A$404="DTNH-01")*(METAS!$B$5:$B$404=$A10)*(METAS!$D$5:$D$404<=IFERROR(VALUE(SUBSTITUTE($F$4,"-","")),0))*METAS!$D$5:$D$404))=0,IF(SUMPRODUCT(MAX((METAS!$A$5:$A$404="DTNH-01")*(METAS!$B$5:$B$404="TOTAL")*(METAS!$D$5:$D$404<=IFERROR(VALUE(SUBSTITUTE($F$4,"-","")),0))*METAS!$D$5:$D$404))=0,"",SUMPRODUCT((METAS!$A$5:$A$404="DTNH-01")*(METAS!$B$5:$B$404="TOTAL")*(METAS!$D$5:$D$404=SUMPRODUCT(MAX((METAS!$A$5:$A$404="DTNH-01")*(METAS!$B$5:$B$404="TOTAL")*(METAS!$D$5:$D$404<=IFERROR(VALUE(SUBSTITUTE($F$4,"-","")),0))*METAS!$D$5:$D$404)))*METAS!$F$5:$F$404)),SUMPRODUCT((METAS!$A$5:$A$404="DTNH-01")*(METAS!$B$5:$B$404=$A10)*(METAS!$D$5:$D$404=SUMPRODUCT(MAX((METAS!$A$5:$A$404="DTNH-01")*(METAS!$B$5:$B$404=$A10)*(METAS!$D$5:$D$404<=IFERROR(VALUE(SUBSTITUTE($F$4,"-","")),0))*METAS!$D$5:$D$404)))*METAS!$F$5:$F$404)),"") | D10: =IFERROR(IF(SUMPRODUCT(MAX((METAS!$A$5:$A$404="DTNH-02")*(METAS!$B$5:$B$404=$A10)*(METAS!$D$5:$D$404<=IFERROR(VALUE(SUBSTITUTE($F$4,"-","")),0))*METAS!$D$5:$D$404))=0,IF(SUMPRODUCT(MAX((METAS!$A$5:$A$404="DTNH-02")*(METAS!$B$5:$B$404="TOTAL")*(METAS!$D$5:$D$404<=IFERROR(VALUE(SUBSTITUTE($F$4,"-","")),0))*METAS!$D$5:$D$404))=0,"",SUMPRODUCT((METAS!$A$5:$A$404="DTNH-02")*(METAS!$B$5:$B$404="TOTAL")*(METAS!$D$5:$D$404=SUMPRODUCT(MAX((METAS!$A$5:$A$404="DTNH-02")*(METAS!$B$5:$B$404="TOTAL")*(METAS!$D$5:$D$404<=IFERROR(VALUE(SUBSTITUTE($F$4,"-","")),0))*METAS!$D$5:$D$404)))*METAS!$E$5:$E$404)),SUMPRODUCT((METAS!$A$5:$A$404="DTNH-02")*(METAS!$B$5:$B$404=$A10)*(METAS!$D$5:$D$404=SUMPRODUCT(MAX((METAS!$A$5:$A$404="DTNH-02")*(METAS!$B$5:$B$404=$A10)*(METAS!$D$5:$D$404<=IFERROR(VALUE(SUBSTITUTE($F$4,"-","")),0))*METAS!$D$5:$D$404)))*METAS!$E$5:$E$404)),"") | E10: =IFERROR(IF(SUMPRODUCT(MAX((METAS!$A$5:$A$404="DTNH-02")*(METAS!$B$5:$B$404=$A10)*(METAS!$D$5:$D$404<=IFERROR(VALUE(SUBSTITUTE($F$4,"-","")),0))*METAS!$D$5:$D$404))=0,IF(SUMPRODUCT(MAX((METAS!$A$5:$A$404="DTNH-02")*(METAS!$B$5:$B$404="TOTAL")*(METAS!$D$5:$D$404<=IFERROR(VALUE(SUBSTITUTE($F$4,"-","")),0))*METAS!$D$5:$D$404))=0,"",SUMPRODUCT((METAS!$A$5:$A$404="DTNH-02")*(METAS!$B$5:$B$404="TOTAL")*(METAS!$D$5:$D$404=SUMPRODUCT(MAX((METAS!$A$5:$A$404="DTNH-02")*(METAS!$B$5:$B$404="TOTAL")*(METAS!$D$5:$D$404<=IFERROR(VALUE(SUBSTITUTE($F$4,"-","")),0))*METAS!$D$5:$D$404)))*METAS!$F$5:$F$404)),SUMPRODUCT((METAS!$A$5:$A$404="DTNH-02")*(METAS!$B$5:$B$404=$A10)*(METAS!$D$5:$D$404=SUMPRODUCT(MAX((METAS!$A$5:$A$404="DTNH-02")*(METAS!$B$5:$B$404=$A10)*(METAS!$D$5:$D$404<=IFERROR(VALUE(SUBSTITUTE($F$4,"-","")),0))*METAS!$D$5:$D$404)))*METAS!$F$5:$F$404)),"") | F10: =IFERROR(IF(SUMPRODUCT(MAX((METAS!$A$5:$A$404="DTNH-03")*(METAS!$B$5:$B$404=$A10)*(METAS!$D$5:$D$404<=IFERROR(VALUE(SUBSTITUTE($F$4,"-","")),0))*METAS!$D$5:$D$404))=0,IF(SUMPRODUCT(MAX((METAS!$A$5:$A$404="DTNH-03")*(METAS!$B$5:$B$404="TOTAL")*(METAS!$D$5:$D$404<=IFERROR(VALUE(SUBSTITUTE($F$4,"-","")),0))*METAS!$D$5:$D$404))=0,"",SUMPRODUCT((METAS!$A$5:$A$404="DTNH-03")*(METAS!$B$5:$B$404="TOTAL")*(METAS!$D$5:$D$404=SUMPRODUCT(MAX((METAS!$A$5:$A$404="DTNH-03")*(METAS!$B$5:$B$404="TOTAL")*(METAS!$D$5:$D$404<=IFERROR(VALUE(SUBSTITUTE($F$4,"-","")),0))*METAS!$D$5:$D$404)))*METAS!$E$5:$E$404)),SUMPRODUCT((METAS!$A$5:$A$404="DTNH-03")*(METAS!$B$5:$B$404=$A10)*(METAS!$D$5:$D$404=SUMPRODUCT(MAX((METAS!$A$5:$A$404="DTNH-03")*(METAS!$B$5:$B$404=$A10)*(METAS!$D$5:$D$404<=IFERROR(VALUE(SUBSTITUTE($F$4,"-","")),0))*METAS!$D$5:$D$404)))*METAS!$E$5:$E$404)),"") | G10: =IFERROR(IF(SUMPRODUCT(MAX((METAS!$A$5:$A$404="DTNH-03")*(METAS!$B$5:$B$404=$A10)*(METAS!$D$5:$D$404<=IFERROR(VALUE(SUBSTITUTE($F$4,"-","")),0))*METAS!$D$5:$D$404))=0,IF(SUMPRODUCT(MAX((METAS!$A$5:$A$404="DTNH-03")*(METAS!$B$5:$B$404="TOTAL")*(METAS!$D$5:$D$404<=IFERROR(VALUE(SUBSTITUTE($F$4,"-","")),0))*METAS!$D$5:$D$404))=0,"",SUMPRODUCT((METAS!$A$5:$A$404="DTNH-03")*(METAS!$B$5:$B$404="TOTAL")*(METAS!$D$5:$D$404=SUMPRODUCT(MAX((METAS!$A$5:$A$404="DTNH-03")*(METAS!$B$5:$B$404="TOTAL")*(METAS!$D$5:$D$404<=IFERROR(VALUE(SUBSTITUTE($F$4,"-","")),0))*METAS!$D$5:$D$404)))*METAS!$F$5:$F$404)),SUMPRODUCT((METAS!$A$5:$A$404="DTNH-03")*(METAS!$B$5:$B$404=$A10)*(METAS!$D$5:$D$404=SUMPRODUCT(MAX((METAS!$A$5:$A$404="DTNH-03")*(METAS!$B$5:$B$404=$A10)*(METAS!$D$5:$D$404<=IFERROR(VALUE(SUBSTITUTE($F$4,"-","")),0))*METAS!$D$5:$D$404)))*METAS!$F$5:$F$404)),"")
A11: Análise e Desenvolvimento de Sistemas | B11: =IFERROR(IF(SUMPRODUCT(MAX((METAS!$A$5:$A$404="DTNH-01")*(METAS!$B$5:$B$404=$A11)*(METAS!$D$5:$D$404<=IFERROR(VALUE(SUBSTITUTE($F$4,"-","")),0))*METAS!$D$5:$D$404))=0,IF(SUMPRODUCT(MAX((METAS!$A$5:$A$404="DTNH-01")*(METAS!$B$5:$B$404="TOTAL")*(METAS!$D$5:$D$404<=IFERROR(VALUE(SUBSTITUTE($F$4,"-","")),0))*METAS!$D$5:$D$404))=0,"",SUMPRODUCT((METAS!$A$5:$A$404="DTNH-01")*(METAS!$B$5:$B$404="TOTAL")*(METAS!$D$5:$D$404=SUMPRODUCT(MAX((METAS!$A$5:$A$404="DTNH-01")*(METAS!$B$5:$B$404="TOTAL")*(METAS!$D$5:$D$404<=IFERROR(VALUE(SUBSTITUTE($F$4,"-","")),0))*METAS!$D$5:$D$404)))*METAS!$E$5:$E$404)),SUMPRODUCT((METAS!$A$5:$A$404="DTNH-01")*(METAS!$B$5:$B$404=$A11)*(METAS!$D$5:$D$404=SUMPRODUCT(MAX((METAS!$A$5:$A$404="DTNH-01")*(METAS!$B$5:$B$404=$A11)*(METAS!$D$5:$D$404<=IFERROR(VALUE(SUBSTITUTE($F$4,"-","")),0))*METAS!$D$5:$D$404)))*METAS!$E$5:$E$404)),"") | C11: =IFERROR(IF(SUMPRODUCT(MAX((METAS!$A$5:$A$404="DTNH-01")*(METAS!$B$5:$B$404=$A11)*(METAS!$D$5:$D$404<=IFERROR(VALUE(SUBSTITUTE($F$4,"-","")),0))*METAS!$D$5:$D$404))=0,IF(SUMPRODUCT(MAX((METAS!$A$5:$A$404="DTNH-01")*(METAS!$B$5:$B$404="TOTAL")*(METAS!$D$5:$D$404<=IFERROR(VALUE(SUBSTITUTE($F$4,"-","")),0))*METAS!$D$5:$D$404))=0,"",SUMPRODUCT((METAS!$A$5:$A$404="DTNH-01")*(METAS!$B$5:$B$404="TOTAL")*(METAS!$D$5:$D$404=SUMPRODUCT(MAX((METAS!$A$5:$A$404="DTNH-01")*(METAS!$B$5:$B$404="TOTAL")*(METAS!$D$5:$D$404<=IFERROR(VALUE(SUBSTITUTE($F$4,"-","")),0))*METAS!$D$5:$D$404)))*METAS!$F$5:$F$404)),SUMPRODUCT((METAS!$A$5:$A$404="DTNH-01")*(METAS!$B$5:$B$404=$A11)*(METAS!$D$5:$D$404=SUMPRODUCT(MAX((METAS!$A$5:$A$404="DTNH-01")*(METAS!$B$5:$B$404=$A11)*(METAS!$D$5:$D$404<=IFERROR(VALUE(SUBSTITUTE($F$4,"-","")),0))*METAS!$D$5:$D$404)))*METAS!$F$5:$F$404)),"") | D11: =IFERROR(IF(SUMPRODUCT(MAX((METAS!$A$5:$A$404="DTNH-02")*(METAS!$B$5:$B$404=$A11)*(METAS!$D$5:$D$404<=IFERROR(VALUE(SUBSTITUTE($F$4,"-","")),0))*METAS!$D$5:$D$404))=0,IF(SUMPRODUCT(MAX((METAS!$A$5:$A$404="DTNH-02")*(METAS!$B$5:$B$404="TOTAL")*(METAS!$D$5:$D$404<=IFERROR(VALUE(SUBSTITUTE($F$4,"-","")),0))*METAS!$D$5:$D$404))=0,"",SUMPRODUCT((METAS!$A$5:$A$404="DTNH-02")*(METAS!$B$5:$B$404="TOTAL")*(METAS!$D$5:$D$404=SUMPRODUCT(MAX((METAS!$A$5:$A$404="DTNH-02")*(METAS!$B$5:$B$404="TOTAL")*(METAS!$D$5:$D$404<=IFERROR(VALUE(SUBSTITUTE($F$4,"-","")),0))*METAS!$D$5:$D$404)))*METAS!$E$5:$E$404)),SUMPRODUCT((METAS!$A$5:$A$404="DTNH-02")*(METAS!$B$5:$B$404=$A11)*(METAS!$D$5:$D$404=SUMPRODUCT(MAX((METAS!$A$5:$A$404="DTNH-02")*(METAS!$B$5:$B$404=$A11)*(METAS!$D$5:$D$404<=IFERROR(VALUE(SUBSTITUTE($F$4,"-","")),0))*METAS!$D$5:$D$404)))*METAS!$E$5:$E$404)),"") | E11: =IFERROR(IF(SUMPRODUCT(MAX((METAS!$A$5:$A$404="DTNH-02")*(METAS!$B$5:$B$404=$A11)*(METAS!$D$5:$D$404<=IFERROR(VALUE(SUBSTITUTE($F$4,"-","")),0))*METAS!$D$5:$D$404))=0,IF(SUMPRODUCT(MAX((METAS!$A$5:$A$404="DTNH-02")*(METAS!$B$5:$B$404="TOTAL")*(METAS!$D$5:$D$404<=IFERROR(VALUE(SUBSTITUTE($F$4,"-","")),0))*METAS!$D$5:$D$404))=0,"",SUMPRODUCT((METAS!$A$5:$A$404="DTNH-02")*(METAS!$B$5:$B$404="TOTAL")*(METAS!$D$5:$D$404=SUMPRODUCT(MAX((METAS!$A$5:$A$404="DTNH-02")*(METAS!$B$5:$B$404="TOTAL")*(METAS!$D$5:$D$404<=IFERROR(VALUE(SUBSTITUTE($F$4,"-","")),0))*METAS!$D$5:$D$404)))*METAS!$F$5:$F$404)),SUMPRODUCT((METAS!$A$5:$A$404="DTNH-02")*(METAS!$B$5:$B$404=$A11)*(METAS!$D$5:$D$404=SUMPRODUCT(MAX((METAS!$A$5:$A$404="DTNH-02")*(METAS!$B$5:$B$404=$A11)*(METAS!$D$5:$D$404<=IFERROR(VALUE(SUBSTITUTE($F$4,"-","")),0))*METAS!$D$5:$D$404)))*METAS!$F$5:$F$404)),"") | F11: =IFERROR(IF(SUMPRODUCT(MAX((METAS!$A$5:$A$404="DTNH-03")*(METAS!$B$5:$B$404=$A11)*(METAS!$D$5:$D$404<=IFERROR(VALUE(SUBSTITUTE($F$4,"-","")),0))*METAS!$D$5:$D$404))=0,IF(SUMPRODUCT(MAX((METAS!$A$5:$A$404="DTNH-03")*(METAS!$B$5:$B$404="TOTAL")*(METAS!$D$5:$D$404<=IFERROR(VALUE(SUBSTITUTE($F$4,"-","")),0))*METAS!$D$5:$D$404))=0,"",SUMPRODUCT((METAS!$A$5:$A$404="DTNH-03")*(METAS!$B$5:$B$404="TOTAL")*(METAS!$D$5:$D$404=SUMPRODUCT(MAX((METAS!$A$5:$A$404="DTNH-03")*(METAS!$B$5:$B$404="TOTAL")*(METAS!$D$5:$D$404<=IFERROR(VALUE(SUBSTITUTE($F$4,"-","")),0))*METAS!$D$5:$D$404)))*METAS!$E$5:$E$404)),SUMPRODUCT((METAS!$A$5:$A$404="DTNH-03")*(METAS!$B$5:$B$404=$A11)*(METAS!$D$5:$D$404=SUMPRODUCT(MAX((METAS!$A$5:$A$404="DTNH-03")*(METAS!$B$5:$B$404=$A11)*(METAS!$D$5:$D$404<=IFERROR(VALUE(SUBSTITUTE($F$4,"-","")),0))*METAS!$D$5:$D$404)))*METAS!$E$5:$E$404)),"") | G11: =IFERROR(IF(SUMPRODUCT(MAX((METAS!$A$5:$A$404="DTNH-03")*(METAS!$B$5:$B$404=$A11)*(METAS!$D$5:$D$404<=IFERROR(VALUE(SUBSTITUTE($F$4,"-","")),0))*METAS!$D$5:$D$404))=0,IF(SUMPRODUCT(MAX((METAS!$A$5:$A$404="DTNH-03")*(METAS!$B$5:$B$404="TOTAL")*(METAS!$D$5:$D$404<=IFERROR(VALUE(SUBSTITUTE($F$4,"-","")),0))*METAS!$D$5:$D$404))=0,"",SUMPRODUCT((METAS!$A$5:$A$404="DTNH-03")*(METAS!$B$5:$B$404="TOTAL")*(METAS!$D$5:$D$404=SUMPRODUCT(MAX((METAS!$A$5:$A$404="DTNH-03")*(METAS!$B$5:$B$404="TOTAL")*(METAS!$D$5:$D$404<=IFERROR(VALUE(SUBSTITUTE($F$4,"-","")),0))*METAS!$D$5:$D$404)))*METAS!$F$5:$F$404)),SUMPRODUCT((METAS!$A$5:$A$404="DTNH-03")*(METAS!$B$5:$B$404=$A11)*(METAS!$D$5:$D$404=SUMPRODUCT(MAX((METAS!$A$5:$A$404="DTNH-03")*(METAS!$B$5:$B$404=$A11)*(METAS!$D$5:$D$404<=IFERROR(VALUE(SUBSTITUTE($F$4,"-","")),0))*METAS!$D$5:$D$404)))*METAS!$F$5:$F$404)),"")
